Store,Date,Actual,SARIMA,Holt-Winters,ARIMA,Random_Forest
1,2012-08-12,1592409.97,1578181.4538398692,1614665.9062439105,1466619.6549891178,
1,2012-08-19,1597868.05,1592770.764349492,1619844.2789190325,1601290.3628029209,
1,2012-08-26,1494122.38,1518306.7719142397,1555252.6045024567,1549609.6112071031,
1,2012-09-02,1582083.4,1606613.5015010606,1644797.8398922402,1539867.76031235,
1,2012-09-09,1661767.33,1597659.7230509338,1616508.011645012,1574691.1512068235,
1,2012-09-16,1517428.87,1570330.9217718889,1549073.0366784877,1542723.6277860631,
1,2012-09-23,1506126.06,1430939.1476194481,1455212.0829367503,1559758.3834542402,
1,2012-09-30,1437059.26,1446058.2533228886,1537407.7064405363,1557060.421422545,
1,2012-10-07,1670785.97,1691292.2219339733,1634589.1500153812,1551792.871619673,
1,2012-10-14,1573072.81,1548708.4513354094,1562494.922439302,1558612.803709719,
1,2012-10-21,1508068.77,1558114.241439886,1473744.0621169377,1553950.340865798,
1,2012-10-28,1493659.74,1498658.655365086,1486642.298823764,1555606.7095246036,
2,2012-08-12,1866719.96,1880343.490731957,1898738.8971549452,1977368.5483622365,
2,2012-08-19,1928016.01,1915192.3556802962,1962473.3880526545,1905262.3840913177,
2,2012-08-26,1876788.15,1885859.6703907403,1875688.2511767743,1936043.9780518943,
2,2012-09-02,1947083.3,1876941.1936609687,1908335.2601847812,1935157.0894866001,
2,2012-09-09,1898777.07,1813384.5539552579,1845109.7409620653,1923784.9286227745,
2,2012-09-16,1814806.63,1755675.9058102781,1799832.964074289,1935042.635516632,
2,2012-09-23,1829415.67,1729513.09719465,1738735.1605842044,1928762.4713783571,
2,2012-09-30,1746470.56,1718415.2271025612,1824483.6102062468,1930314.7758700235,
2,2012-10-07,1998321.04,1900483.2192770566,1877049.549035281,1931319.8727057662,
2,2012-10-14,1900745.13,1806290.8707310406,1815475.6605436578,1929739.632296316,
2,2012-10-21,1847990.41,1889951.6014989356,1781212.7732941324,1930855.9323511436,
2,2012-10-28,1834458.35,1831384.523497417,1823081.6414141771,1930412.912690011,
3,2012-08-12,391811.6,396293.8528174176,391001.2995929883,409796.8189343846,
3,2012-08-19,394918.83,398422.7246798976,401751.35901981953,408153.07803622796,
3,2012-08-26,412449.67,382262.79009066767,410473.4315023948,406860.12724936684,
3,2012-09-02,408838.73,394021.13162273815,415211.1177826303,405843.10459140444,
3,2012-09-09,408229.73,394140.2176249477,401694.31658127106,405043.1243467426,
3,2012-09-16,407589.16,393347.72459175164,411234.99626875547,404413.8675776442,
3,2012-09-23,414392.09,381712.2297832024,403317.6048773413,403918.90025301545,
3,2012-09-30,389813.02,385683.6258763564,406762.5372828534,403529.5637142903,
3,2012-10-07,443557.65,421700.7249252069,443714.854246915,403223.31533617736,
3,2012-10-14,410804.39,385369.93558079266,395356.2369091528,402982.4233063567,
3,2012-10-21,424513.08,413057.83611680614,399507.2789561542,402792.939951739,
3,2012-10-28,405432.7,407535.90124541055,397990.6388620229,402643.89416677074,
4,2012-08-12,2193367.69,2249132.2236360656,2264815.561227811,2119857.5540017895,
4,2012-08-19,2283540.3,2380013.2520922846,2265154.476541754,2113337.5731709404,
4,2012-08-26,2125241.68,2116398.3155463235,2103372.560716335,2108275.226346978,
4,2012-09-02,2081181.35,2211061.521965822,2188779.0517666666,2104344.638814446,
4,2012-09-09,2125104.72,2227683.6186723798,2123635.7648487366,2101292.7897633766,
4,2012-09-16,2117854.6,2208078.999115117,2149067.0297126276,2098923.2247674493,
4,2012-09-23,2119438.53,2161808.309170666,2059918.9320146223,2097083.4095682162,
4,2012-09-30,2027620.23,2051393.210636808,2078653.086430494,2095654.9110998698,
4,2012-10-07,2209835.43,2305481.3178401673,2197787.049382007,2094545.7736849173,
4,2012-10-14,2133026.07,2207404.193506288,2108883.813309266,2093684.5996392274,
4,2012-10-21,2097266.85,2350064.541251494,2170200.072078568,2093015.9532416104,
4,2012-10-28,2149594.46,2289505.4984501163,2164854.75098856,2092496.7922110576,
5,2012-08-12,306759.7,302680.2692987289,319354.8631763101,318809.4473100884,
5,2012-08-19,314014.18,319818.75314159197,323158.50841037126,318550.4112330022,
5,2012-08-26,320831.36,325790.8820055474,325016.7530930033,318352.5035834233,
5,2012-09-02,344642.01,331781.56313811534,352425.48860508535,318201.29901685327,
5,2012-09-09,350648.91,337362.0959804315,341027.5214875715,318085.7763425135,
5,2012-09-16,299800.67,292682.79573395144,312243.96394111996,317997.5151967734,
5,2012-09-23,307306.76,305785.6166605717,323444.399380849,317930.0822889752,
5,2012-09-30,310141.68,307155.5473421499,316380.41443596384,317878.5624835615,
5,2012-10-07,343048.29,324801.5246480569,325911.15533787216,317839.20053942275,
5,2012-10-14,325345.41,300639.8934203637,312584.7054121005,317809.1273931067,
5,2012-10-21,313358.15,321606.4820056658,320413.5350305627,317786.15103487193,
5,2012-10-28,319550.77,322624.3986946946,314466.6235274511,317768.59673469386,
6,2012-08-12,1588380.73,1553740.9712538887,1562075.981638127,1536148.606876427,
6,2012-08-19,1543049.52,1537392.4073700428,1558181.6635636133,1535930.6671838213,
6,2012-08-26,1501095.49,1490232.141210972,1471762.9042498358,1614760.14974614,
6,2012-09-02,1577439.81,1527120.2732940542,1533128.9805296015,1550639.3406257401,
6,2012-09-09,1608077.01,1541339.0587393304,1459845.809004936,1573079.135498325,
6,2012-09-16,1375166.86,1404959.3060773322,1341540.8585441674,1579029.3846858882,
6,2012-09-23,1425603.65,1403872.1555257398,1310691.630129931,1565704.8412495025,
6,2012-09-30,1369131.46,1369155.517605952,1354312.9510297675,1574308.9409433808,
6,2012-10-07,1518177.71,1532792.8156647915,1409088.8797170946,1572335.631830205,
6,2012-10-14,1459396.84,1439238.8782103825,1382726.7132986246,1570691.957182205,
6,2012-10-21,1436883.99,1474599.1254558663,1376406.2023205003,1572776.2245164316,
6,2012-10-28,1431426.34,1470646.5024359378,1420862.0945938805,1571699.7024860869,
7,2012-08-12,675926.3,706137.3990788474,663788.9942025515,643215.5551494824,
7,2012-08-19,642450.4,687655.6734232029,644473.902410536,630638.3799334797,
7,2012-08-26,609099.37,673485.5057313507,616255.3094497534,609105.0768473851,
7,2012-09-02,586467.16,632988.7162338055,591046.6607802565,603562.1187413798,
7,2012-09-09,597876.55,655669.9117391023,594876.3430149949,591121.7878332036,
7,2012-09-16,541120.2,597670.0558298039,545692.7346540177,588956.7911154215,
7,2012-09-23,530842.25,572487.7841783405,540856.7423021388,581671.9996847427,
7,2012-09-30,525545.76,521823.2144633389,501644.5758108214,581054.8574159859,
7,2012-10-07,505830.56,561310.5112846451,534499.0333783115,576727.7594251503,
7,2012-10-14,503463.93,535557.6170687221,516828.0329221044,576763.8074355132,
7,2012-10-21,516424.83,597618.9993650094,530862.0749708875,574155.6303645122,
7,2012-10-28,495543.28,563313.3665265541,518607.2315893762,574422.9820747584,
8,2012-08-12,930745.69,888617.3624540293,896196.5979070787,891251.8120866154,
8,2012-08-19,896613.19,917013.460809291,914504.6779363449,918941.5236128715,
8,2012-08-26,936373.65,936030.5877010883,931749.1637477159,902695.6404059117,
8,2012-09-02,976137.73,914361.636341645,927081.6463515201,910059.2489910657,
8,2012-09-09,932160.37,877187.5561844265,869431.7804317038,907684.8242269465,
8,2012-09-16,883569.38,893880.8846553871,882148.4711430822,907896.5480414365,
8,2012-09-23,857796.45,837609.1273109012,817634.1799876182,908325.4374725233,
8,2012-09-30,884724.41,838629.7605592015,834857.848379511,907885.3069090953,
8,2012-10-07,976436.02,946466.9540933074,925270.8748580448,908168.5442329234,
8,2012-10-14,927511.99,885488.4330816468,869911.455795322,908029.0539326636,
8,2012-10-21,900309.75,923301.1877468949,893983.7164056906,908080.422355108,
8,2012-10-28,891671.44,896616.1350646032,877422.7210770742,908070.677089009,
9,2012-08-12,538713.47,553725.1943556799,530129.0978119062,536598.4150781861,
9,2012-08-19,535153.47,575601.5262087052,546573.7044807271,547551.1151716437,
9,2012-08-26,572887.78,575925.4502681838,552701.1133914241,540219.8907603311,
9,2012-09-02,576879.15,579243.748660851,556248.3387040887,545462.3905464028,
9,2012-09-09,565812.29,562134.8581497619,529474.4854046814,541714.2999778148,
9,2012-09-16,523427.35,535102.7416629615,507576.28716674075,544393.9742484833,
9,2012-09-23,533756.88,540235.5159291092,496630.55282692204,542478.1576342174,
9,2012-09-30,516361.06,543304.8163690789,539525.5605077497,543847.8589220545,
9,2012-10-07,606755.3,586885.5978470616,548829.6832872516,542868.5994230333,
9,2012-10-14,558464.8,563484.618295211,497812.4424718065,543568.714970079,
9,2012-10-21,542009.46,589786.1203018959,508371.6733816353,543068.1716721023,
9,2012-10-28,549731.49,582395.6842091572,549870.4838378227,543426.0320198786,
10,2012-08-12,1880436.94,1923162.6157213345,1947225.3687988995,1884473.3068273677,
10,2012-08-19,1827797.4,1987505.8658684879,1971338.70696911,1943149.378400087,
10,2012-08-26,1764984.15,1790467.8507648522,1721528.15624545,1898331.2277627396,
10,2012-09-02,1650285.54,1839737.124939705,1758992.1256111616,1921556.8536176004,
10,2012-09-09,1708283.28,1738702.4031033218,1705575.1235525955,1912900.4112487761,
10,2012-09-16,1640168.99,1685466.2135445606,1699676.6468570442,1914597.4332676716,
10,2012-09-23,1671857.57,1687692.6672625807,1657260.424634609,1915226.9951178518,
10,2012-09-30,1694862.41,1627505.6520993293,1641107.5954713689,1914309.4901808887,
10,2012-10-07,1758971.38,1815279.393276548,1776947.980463671,1914919.013012316,
10,2012-10-14,1713889.11,1764715.3196257364,1707055.0444076061,1914631.1740201316,
10,2012-10-21,1734834.82,1824086.1935394271,1743552.7366243924,1914725.7715373507,
10,2012-10-28,1744349.05,1837492.2109024737,1747559.311461432,1914715.2067256786,
11,2012-08-12,1388973.65,1397840.1132774136,1437578.89985854,1343346.7021778114,
11,2012-08-19,1421307.2,1540714.177461625,1501923.6854756256,1354502.7715632757,
11,2012-08-26,1409515.73,1350770.9505555425,1369937.7903819915,1368039.4664126977,
11,2012-09-02,1372872.35,1345243.1028162283,1363347.8589972153,1353565.2953854832,
11,2012-09-09,1304584.4,1294335.0532784353,1296432.9854010912,1361670.4755547422,
11,2012-09-16,1267675.05,1316914.4719149864,1288166.303147387,1359127.3479321916,
11,2012-09-23,1326132.98,1280368.990547536,1244102.8213788285,1358893.7250186594,
11,2012-09-30,1227430.73,1233310.012529616,1245361.5178312266,1359823.9464166055,
11,2012-10-07,1422794.26,1394949.0285888903,1367758.931683418,1359118.8430650553,
11,2012-10-14,1311965.09,1332850.8672816274,1261794.3939364734,1359435.29969976,
11,2012-10-21,1232073.18,1373021.1350602882,1263798.0113039664,1359376.5253408107,
11,2012-10-28,1200729.45,1357874.6985288623,1277844.8397553351,1359333.74502482,
12,2012-08-12,984689.9,1014211.8169201119,973082.3592513435,1002935.9403183459,
12,2012-08-19,1005003.12,1022172.2091443362,992373.9838296875,1012563.9406561346,
12,2012-08-26,1048101.39,1072461.9323363155,1047767.6224936728,1015908.7136934648,
12,2012-09-02,1061943.49,1103575.3437349068,1115734.3363991363,1010368.2267824053,
12,2012-09-09,955146.04,983470.1623706195,947250.2467454171,1014393.890010052,
12,2012-09-16,885892.37,948971.1051357668,898095.207273012,1012299.4144452632,
12,2012-09-23,922735.37,935532.1921875824,895374.499317981,1013083.8955899478,
12,2012-09-30,880415.67,928353.8309461708,894258.2596316191,1012946.7314947641,
12,2012-10-07,979825.92,1009479.0657278865,963651.8059839832,1012859.0222136923,
12,2012-10-14,934917.47,983815.9528462084,910601.6663687463,1012973.5178146645,
12,2012-10-21,960945.43,995815.2393646631,906631.3557340999,1012895.2902502859,
12,2012-10-28,974697.6,1044237.1326386674,998977.5146854537,1012934.1662708563,
13,2012-08-12,2041019.92,2063235.0043897328,2007113.5829347416,1964511.8219418763,
13,2012-08-19,2095769.18,2175825.028717496,2127025.381629241,2031302.2419459615,
13,2012-08-26,2059458.25,2127915.9248822615,2040299.4687583717,1984479.8642828919,
13,2012-09-02,2073855.42,2035114.1185066346,2035870.5037493831,2009623.0754468588,
13,2012-09-09,2165796.31,1956495.5023548587,1901989.1140799066,1998295.1325591835,
13,2012-09-16,1919917.03,2004704.0334471941,1922847.9077980856,2002595.673558197,
13,2012-09-23,1938379.66,1928771.7356107878,1839276.3455571514,2001316.6740296388,
13,2012-09-30,1927664.11,1913655.3797624046,1894995.1964852912,2001512.2344073793,
13,2012-10-07,2041918.74,2157522.7752286387,2015107.3168239652,2001605.6256872832,
13,2012-10-14,1999079.44,2011908.027427538,1982207.839779637,2001490.2462798732,
13,2012-10-21,2018010.15,2059070.1152826967,1934046.0923767174,2001566.3285937621,
13,2012-10-28,2035189.66,2031616.2271524,2011241.9866173607,2001526.8322231963,
14,2012-08-12,1648570.03,1533541.0977246524,1626865.3480045595,1763201.1386647066,
14,2012-08-19,1660433.3,1508853.6575223815,1630144.95930617,1875941.3043627497,
14,2012-08-26,1621841.33,1775715.5152063912,1597279.1315286893,1907208.0982022895,
14,2012-09-02,1613342.19,1413332.1305286873,1763436.9968733338,1953847.6724809054,
14,2012-09-09,1904512.34,1740278.3025580966,1776743.3086962793,1960984.0226476553,
14,2012-09-16,1554794.22,1471363.9199235057,1541951.5473549962,1981163.9144178,
14,2012-09-23,1565352.46,1468660.7614247748,1471240.4517128188,1981336.5734711927,
14,2012-09-30,1522512.2,1421541.5637664918,1454714.6858103978,1990513.1431256165,
14,2012-10-07,1687592.16,1639614.44989391,1698825.1905032543,1989190.4539014036,
14,2012-10-14,1639585.61,1487554.1195350464,1542857.5867266373,1993577.380962067,
14,2012-10-21,1590274.72,1573343.101399524,1547602.096646884,1992304.2114592597,
14,2012-10-28,1704357.62,1612734.2961636845,1596068.8938699653,1994499.283612952,
15,2012-08-12,590453.63,581394.9860641308,586132.346635775,580018.778432889,
15,2012-08-19,579738.2,590006.8726258498,600414.304661798,633776.1977921906,
15,2012-08-26,606210.77,595921.9565372821,612189.5066202228,634080.9701093098,
15,2012-09-02,610185.32,636848.2359369247,612851.3413571201,622192.2194378844,
15,2012-09-09,587259.82,597631.6958444845,607177.4002815244,632203.2333127877,
15,2012-09-16,527509.76,536370.9024409526,548582.7091251306,626289.9916448296,
15,2012-09-23,533161.64,535605.5824613489,522031.92744016554,629136.194212637,
15,2012-09-30,553901.97,513312.8585096509,533033.4644937785,628003.07240507,
15,2012-10-07,573498.64,568823.4126854423,566289.6582245363,628347.7345803787,
15,2012-10-14,551799.63,528804.1879490098,546699.9102935364,628300.7486234774,
15,2012-10-21,555652.77,592067.744373464,579324.5116976204,628266.0063985129,
15,2012-10-28,558473.6,579250.0375555983,574685.0653006178,628305.6194615065,
16,2012-08-12,554036.84,576162.4663037261,550267.7865942874,549224.1266921789,
16,2012-08-19,521896.6,567211.6147916125,529668.8746324318,551519.4023562479,
16,2012-08-26,551152.15,569764.3524340495,579843.5003658532,530997.2564168422,
16,2012-09-02,551837.31,593943.8757606412,550729.0737719735,535865.0953489126,
16,2012-09-09,537138.58,587616.7378465354,544784.3469262541,523148.73480596475,
16,2012-09-16,526525.16,551223.678648169,525670.6615856567,528159.1167548867,
16,2012-09-23,509942.56,516168.41945318435,511615.30153361626,519935.6189974403,
16,2012-09-30,469607.73,460137.56014479534,464093.53997328016,524253.6026009375,
16,2012-10-07,471281.68,493871.1750048017,451858.711506682,518749.68157585256,
16,2012-10-14,491817.19,509545.2031384018,461212.57145863905,522197.90258482285,
16,2012-10-21,577198.97,572723.3745023896,545482.742229702,518417.8935997672,
16,2012-10-28,475770.14,517300.13086914475,498177.62156938855,521065.43001541146,
17,2012-08-12,849074.04,844991.8557499859,861423.1251024308,888077.1082827994,
17,2012-08-19,844928.17,846529.054519078,885052.0793512035,878519.0230062536,
17,2012-08-26,924299.78,884123.6455514868,902959.346900926,882591.6844530789,
17,2012-09-02,865924.2,896476.8838367795,934261.1480894419,884855.0292649947,
17,2012-09-09,1255633.29,1228296.5431134624,1300304.7545270592,886112.8627000864,
17,2012-09-16,1071040.22,1111536.7881993735,970299.3264775873,886811.8922699979,
17,2012-09-23,938303.28,946864.2213641861,951755.6423039674,887200.3716393469,
17,2012-09-30,972716.24,917995.6354931192,928706.2480835031,887416.2655398423,
17,2012-10-07,952609.17,970671.7558411927,927348.3074369779,887536.2466249363,
17,2012-10-14,919878.34,934747.9237051939,936853.019017178,887602.9250292233,
17,2012-10-21,957356.84,927708.5243308379,912204.0766848065,887639.9809501193,
17,2012-10-28,943465.29,990231.9170744015,958262.7341954455,887660.574443442,
18,2012-08-12,967304.07,955997.10867541,1003866.5350433808,1051934.5377103263,
18,2012-08-19,1048134.24,971510.6703603086,1057711.533329741,1115831.7797922338,
18,2012-08-26,1145840.91,1174682.428641174,1148469.709494142,1066474.1277880599,
18,2012-09-02,1117097.23,620547.7082837971,1060291.0329914046,1103465.1530508182,
18,2012-09-09,1083521.24,974355.6550216767,959464.33408224,1075688.559311492,
18,2012-09-16,960476.1,876798.6973740042,935583.5167071221,1096543.408669002,
18,2012-09-23,971386.65,878352.556644266,896058.5365093991,1080885.3230492338,
18,2012-09-30,1002856.2,872948.0798191546,895999.9748242414,1092641.6062836722,
18,2012-10-07,1092204.79,1046781.1982579252,1058734.431386177,1083814.843959453,
18,2012-10-14,1074079.0,978174.7194722048,983703.2944765802,1090442.085869309,
18,2012-10-21,1048706.75,1066619.7721465428,1014449.0933876624,1085466.2709867037,
18,2012-10-28,1127516.25,1118216.32705164,1007389.5079797483,1089202.1741093744,
19,2012-08-12,1408907.89,1354111.368568374,1355021.9886166381,1378899.947362375,
19,2012-08-19,1375101.26,1384748.4629298386,1363123.9469877433,1457705.6105260542,
19,2012-08-26,1544653.37,1539561.7539559954,1505624.7662728135,1442855.1211924665,
19,2012-09-02,1542719.87,1601469.0857011992,1571312.7139437029,1453245.2036527249,
19,2012-09-09,1497073.82,1558609.7936061535,1538257.3098620882,1445975.8261186925,
19,2012-09-16,1370653.41,1358582.4770407814,1335551.6570717301,1451061.8155643414,
19,2012-09-23,1338572.29,1293630.7156548877,1269267.1901874742,1447503.4244200995,
19,2012-09-30,1338299.02,1324257.3597526043,1328122.4940120257,1449993.0378317535,
19,2012-10-07,1408016.1,1453360.3528024817,1395541.288056416,1448251.190269684,
19,2012-10-14,1352809.5,1312478.3487562921,1321320.559024215,1449469.8665972156,
19,2012-10-21,1321102.35,1367179.573829706,1322249.0261293107,1448617.2248255548,
19,2012-10-28,1322117.96,1389157.2040204096,1365123.370016534,1449213.7720582832,
20,2012-08-12,2144245.39,2078423.191588988,2140047.5510927686,2094247.0541032825,
20,2012-08-19,2045061.22,2016329.9106363114,2049842.2113108977,2129664.074461524,
20,2012-08-26,2005341.43,1960652.7526874403,2015041.408487834,2097504.5047022267,
20,2012-09-02,2062481.56,2170499.935088281,2196316.8678585314,2120619.621469252,
20,2012-09-09,2080529.06,2078949.4224388013,2092575.2392412,2104005.325097991,
20,2012-09-16,2047949.98,2005731.1350452732,2025220.1903067941,2115947.070696519,
20,2012-09-23,2028587.24,1914151.3112992079,1879617.06405274,2107363.782860951,
20,2012-09-30,2008350.58,1972201.3513412771,2010496.3836327686,2113533.1346914987,
20,2012-10-07,2246411.89,2165298.686742729,2152109.8053892357,2109098.831340822,
20,2012-10-14,2162951.36,2037460.6055191797,2038543.3882218997,2112286.0456132293,
20,2012-10-21,1999363.49,2133074.7907668334,2006361.4992580703,2109995.1931354245,
20,2012-10-28,2031650.55,2093589.4056136122,1993249.3946440874,2111641.77369968,
21,2012-08-12,700272.01,769039.58485705,741780.2422955212,740251.6544599154,
21,2012-08-19,751963.81,841776.8468818534,801785.2049707742,772381.4266069647,
21,2012-08-26,802003.61,795172.4557525205,801033.7674800197,760391.8668448954,
21,2012-09-02,763867.59,690368.637864542,675416.7394174553,761779.1728572611,
21,2012-09-09,642827.29,644848.2596383045,621798.4741873267,763665.0970537589,
21,2012-09-16,628494.63,636982.463770432,629640.0175262059,761853.3210650518,
21,2012-09-23,667151.46,664550.6233107033,623900.834881281,762797.5629293737,
21,2012-09-30,647097.65,640250.4705461756,622269.1312108765,762510.5201683991,
21,2012-10-07,651768.91,649392.5266871032,627555.7205147032,762500.4336221045,
21,2012-10-14,653043.44,654973.5147662095,639277.8751671477,762579.3021757558,
21,2012-10-21,641368.14,713319.2580423389,663076.1776847561,762520.3831384842,
21,2012-10-28,675202.87,723463.1620264791,680288.8786423993,762546.7509822187,
22,2012-08-12,973812.79,1001960.8696277565,994875.88924352,998731.6742488387,
22,2012-08-19,981273.26,995937.7842236254,1010899.4081162154,1050408.0419325326,
22,2012-08-26,1060906.75,1209051.7164161508,1102705.0596690346,1017317.9552438131,
22,2012-09-02,1022270.86,938799.3898880151,1046048.0535764627,1042420.028590211,
22,2012-09-09,996628.8,1013854.3355546873,941936.8517066861,1023370.6065415198,
22,2012-09-16,918049.28,938580.5658145202,924789.284778772,1037826.8127559013,
22,2012-09-23,921612.53,900768.9032014837,905836.1817057795,1026856.3015305415,
22,2012-09-30,976479.51,961949.3931779157,920507.622976135,1035181.5920501503,
22,2012-10-07,1009887.36,1015141.0403109542,1018307.5135958042,1028863.7039579647,
22,2012-10-14,1004039.84,969931.6110254875,960244.0578500382,1033658.2165159789,
22,2012-10-21,978027.95,1002589.5492112247,971471.9821766745,1030019.761650438,
22,2012-10-28,1094422.69,1110582.3267806137,1045454.4077995562,1032780.9086175994,
23,2012-08-12,1436311.76,1391304.4083666725,1387950.0654733055,1381926.2068280233,
23,2012-08-19,1510131.45,1464474.6438304617,1478223.339197041,1408199.6009702245,
23,2012-08-26,1702220.96,1649344.858210332,1629618.3565247257,1373726.344599758,
23,2012-09-02,1577468.78,1474581.6766292946,1450129.321787204,1397199.3147201394,
23,2012-09-09,1427162.26,1431574.0913561964,1334312.4857912313,1377630.0642844858,
23,2012-09-16,1279041.64,1261520.1503198878,1209845.412829157,1392805.7241413326,
23,2012-09-23,1338627.55,1296169.1220727337,1166095.9591469704,1380741.744771997,
23,2012-09-30,1319035.06,1284073.272234903,1189117.6093920046,1390249.6729626032,
23,2012-10-07,1464616.59,1471582.9657479012,1263280.8818909193,1382733.816429143,
23,2012-10-14,1412925.25,1267309.4508410406,1173618.844734967,1388668.8226948683,
23,2012-10-21,1363155.77,1449652.7764062053,1227398.1242004412,1383980.4751227659,
23,2012-10-28,1347454.59,1415853.0438433425,1187348.4913194915,1387683.5660048416,
24,2012-08-12,1497054.81,1421541.8309452606,1388640.4560182898,1328860.7902699835,
24,2012-08-19,1397970.54,1376283.6533153274,1374463.318893026,1362608.936170818,
24,2012-08-26,1303726.54,1420282.6977231146,1359520.2681025881,1363400.5211795787,
24,2012-09-02,1344558.92,1222571.8995821236,1344513.9253142218,1350305.8817483077,
24,2012-09-09,1477134.75,1547588.8607659398,1485717.3763536063,1361983.771201429,
24,2012-09-16,1242909.53,1250435.5041186989,1271198.300593408,1356110.7107813042,
24,2012-09-23,1261158.47,1247738.6284062853,1183834.2535728123,1357197.6935468249,
24,2012-09-30,1259278.36,1266924.938977925,1227766.4243307859,1358357.132646567,
24,2012-10-07,1416720.54,1424864.468310134,1379101.860511411,1356898.9855612828,
24,2012-10-14,1416301.17,1355304.5749908003,1317117.7395224506,1357806.6642941146,
24,2012-10-21,1255414.84,1300624.1937308644,1252755.009011355,1357511.5935160597,
24,2012-10-28,1307182.29,1327744.1789365774,1264165.40766295,1357448.5478877076,
25,2012-08-12,710496.97,688811.8477715948,686645.481216679,708791.3645381482,
25,2012-08-19,728467.72,711487.8951294624,718680.6472203642,708278.8798753627,
25,2012-08-26,756527.64,746992.0558341603,727203.4938157188,707997.4497965389,
25,2012-09-02,714828.73,719606.5516220006,700741.2120348726,707842.9029485681,
25,2012-09-09,671482.9,692093.2893267456,671509.1862006141,707758.0338104948,
25,2012-09-16,657241.63,647298.562465689,637151.4521023532,707711.4280680168,
25,2012-09-23,664745.2,638443.4824870958,621842.5924855167,707685.834603994,
25,2012-09-30,683300.84,659183.5325428823,659854.0167816816,707671.7799968607,
25,2012-10-07,699536.73,691511.994586026,684014.5427735847,707664.0619333154,
25,2012-10-14,697317.41,664190.7171168945,640739.2018002609,707659.8235718781,
25,2012-10-21,685531.85,709348.4046700145,684516.1760297259,707657.4960829209,
25,2012-10-28,688940.94,742873.6317537284,705481.3140972453,707656.2179463282,
26,2012-08-12,1121476.51,1123738.7133425227,1047023.7747685337,1018611.9130958533,
26,2012-08-19,1068292.56,1052677.2072780093,1036560.2668761133,1015192.594051362,
26,2012-08-26,1022704.2,1097061.4272918543,1012810.0019203818,990366.2129639636,
26,2012-09-02,1053495.51,1071593.8303228715,1064831.2242906804,1007858.1288748725,
26,2012-09-09,1081874.03,1102144.5230766844,1072563.9794577411,995533.854903681,
26,2012-09-16,986131.94,980272.988118709,954099.566725017,1004217.1649361894,
26,2012-09-23,961084.08,951517.5328186209,902004.113925849,998099.1677789603,
26,2012-09-30,964726.37,988260.8912677069,956285.8823870681,1002409.7232095201,
26,2012-10-07,1095504.26,1164520.1158369936,1044200.8196492245,999372.6364567137,
26,2012-10-14,1044639.69,1017673.4688143651,973781.4438604352,1001512.4757634256,
26,2012-10-21,975578.02,1004266.5089577506,953109.5574864335,1000004.8098219379,
26,2012-10-28,958619.8,1001533.8141238715,933189.143318897,1001067.0655642229,
27,2012-08-12,1720537.26,1719462.7989908431,1745288.2547159554,1736522.6166682127,
27,2012-08-19,1735339.59,1740122.6778405746,1815331.9270849803,1758257.7866729423,
27,2012-08-26,1780443.36,1978172.1019756843,1785530.9475659635,1769518.6184939058,
27,2012-09-02,1731935.43,1482926.316140743,1753120.275011073,1776281.1407459765,
27,2012-09-09,1840955.23,1862654.533838982,1805699.5056109542,1780056.6176817822,
27,2012-09-16,1519604.5,1572915.0868852935,1522901.620479149,1782240.272305497,
27,2012-09-23,1557485.75,1564912.0068107706,1495107.1509729456,1783481.5994580195,
27,2012-09-30,1540687.63,1557332.7568753166,1451747.811044368,1784193.2158777597,
27,2012-10-07,1591816.88,1630458.7851160185,1610021.5277468422,1784599.4911619737,
27,2012-10-14,1660081.29,1640767.119497281,1632731.9984156631,1784831.90678205,
27,2012-10-21,1620374.24,1646499.8405868094,1603686.0443805994,1784964.7335381594,
27,2012-10-28,1703047.74,1666109.1863000721,1602240.102202725,1785040.680942135,
28,2012-08-12,1269113.41,1228493.0109185,1221821.5411487266,1323340.8611856617,
28,2012-08-19,1184198.41,1203461.2729079449,1200359.452857891,1334653.5295652428,
28,2012-08-26,1199309.59,1170230.1363316334,1198033.3807742058,1333332.019769112,
28,2012-09-02,1227118.75,1469226.826501709,1530961.5180497866,1329411.4296886572,
28,2012-09-09,1469693.99,1311931.3957793019,1251997.6907661736,1334336.3059252067,
28,2012-09-16,1124660.77,1158708.7395769616,1165159.2557767467,1330798.5502252672,
28,2012-09-23,1135340.19,1110267.2034955525,1117505.523129026,1332339.1226958642,
28,2012-09-30,1129508.61,1120022.4620700267,1210212.5002924239,1332329.465154534,
28,2012-10-07,1462941.03,1558245.7045576011,1342430.2148083046,1331608.8676171675,
28,2012-10-14,1205536.71,1220307.3239184655,1165864.4933204772,1332403.3542252416,
28,2012-10-21,1143724.48,1203929.2651663176,1128180.888938236,1331874.464503622,
28,2012-10-28,1213860.61,1242119.1328591707,1238390.4269297179,1332077.1437304479,
29,2012-08-12,518628.42,477417.47168895305,484434.9083578006,520473.5915380316,
29,2012-08-19,416881.66,505220.3305690836,518793.97472469695,538797.1808877256,
29,2012-08-26,615026.15,612093.9166022004,553124.6009045021,550765.7709738748,
29,2012-09-02,545844.91,506437.85438522784,556123.0452144496,535269.6186626478,
29,2012-09-09,540811.85,510335.7805594324,488802.82729842584,544098.0768243338,
29,2012-09-16,475127.18,478887.69201915356,460543.12930376414,541799.7072760785,
29,2012-09-23,489079.23,480472.9020882824,462502.39593219646,540888.9809491059,
29,2012-09-30,489674.23,452776.66359348455,464955.19691785314,542352.7033068805,
29,2012-10-07,520632.8,521396.0029833301,524354.0123211084,541449.6086181311,
29,2012-10-14,513737.0,481378.61931887147,479375.8943228692,541722.9408761581,
29,2012-10-21,516909.24,510662.38150691066,502558.89145843463,541785.0327762786,
29,2012-10-28,534970.68,521377.48244648124,521493.1021277529,541648.5261090252,
30,2012-08-12,430878.28,404187.7172839878,422465.9070731423,425136.55,
30,2012-08-19,423351.15,406225.7727255831,426713.2360689618,425136.55,
30,2012-08-26,425296.65,378595.98734962946,420089.0575905621,425136.55,
30,2012-09-02,439132.5,357507.10055025754,433788.5129102997,425136.55,
30,2012-09-09,433565.77,359415.48907047976,433871.22121431865,425136.55,
30,2012-09-16,437773.31,371378.8569061675,444029.2984058055,425136.55,
30,2012-09-23,443891.64,382225.9602814428,435638.48132190155,425136.55,
30,2012-09-30,425410.04,377425.8672208623,430985.52231303096,425136.55,
30,2012-10-07,446751.45,407912.4284951733,449852.8698210431,425136.55,
30,2012-10-14,434593.26,401568.217451838,440795.28439496603,425136.55,
30,2012-10-21,437537.29,420233.4829408264,448436.9944488818,425136.55,
30,2012-10-28,439424.5,419497.41196417453,429550.6254727972,425136.55,
31,2012-08-12,1386472.59,1447435.2937574121,1385602.4323940352,1361324.9074374314,
31,2012-08-19,1410181.7,1495887.0633956036,1433264.9592974584,1421837.2718822574,
31,2012-08-26,1379783.21,1420886.5432157686,1381330.3446216262,1382089.5674908427,
31,2012-09-02,1373651.49,1388989.92896395,1355869.2546353631,1410912.3603169927,
31,2012-09-09,1358111.62,1379124.7823900701,1360671.386647131,1390011.697020357,
31,2012-09-16,1327705.44,1365968.9082236516,1345491.9564793564,1405167.6789154566,
31,2012-09-23,1373064.87,1352559.8473758972,1281733.2638293228,1394177.4158819595,
31,2012-09-30,1279080.58,1288211.6485692596,1262125.4528797418,1402146.9346093808,
31,2012-10-07,1363365.05,1432777.8152497022,1350573.852703294,1396367.8892350218,
31,2012-10-14,1401113.42,1383022.8374900518,1314715.4106523711,1400558.5269110443,
31,2012-10-21,1378730.45,1415720.087577095,1310429.1854924278,1397519.7128865658,
31,2012-10-28,1340232.55,1350375.470242105,1300742.9566455055,1399723.2893799962,
32,2012-08-12,1227469.2,1253435.9405274186,1213071.9235366634,1158213.6344248275,
32,2012-08-19,1261306.37,1255022.6679474097,1240542.8611268434,1176317.3843395286,
32,2012-08-26,1272809.11,1220007.8637954486,1192974.002111183,1154690.5774765573,
32,2012-09-02,1183979.27,1185477.701685366,1150548.280921734,1170840.7663873606,
32,2012-09-09,1126685.95,1162196.326351035,1091275.6764364003,1158780.3358528274,
32,2012-09-16,1156377.47,1176238.4846510787,1104764.9511934428,1167786.6691831455,
32,2012-09-23,1159119.6,1149269.2093893476,1116744.2887518285,1161061.035315885,
32,2012-09-30,1157111.15,1120993.3040854854,1106634.650717515,1166083.5177465728,
32,2012-10-07,1202775.24,1183527.8034913086,1139170.3163126388,1162332.8928591013,
32,2012-10-14,1176681.31,1210255.399461492,1152729.236375165,1165133.736314634,
32,2012-10-21,1199292.06,1185308.5563939516,1150492.9660451766,1163042.1584315447,
32,2012-10-28,1219979.29,1220500.8972149047,1166607.1383307641,1164604.080084962,
33,2012-08-12,297753.49,275632.5504036613,269067.6365428626,262697.8707584488,
33,2012-08-19,270097.76,242677.04718885728,234826.76657668382,263175.13383884536,
33,2012-08-26,247672.56,236166.33458635426,229161.5232171986,262965.03804007126,
33,2012-09-02,237129.81,237613.3965604056,243373.04606543807,262862.4240582169,
33,2012-09-09,286428.78,279660.51381844655,279642.18407634925,262748.07492777,
33,2012-09-16,277417.53,259406.95194185275,253818.1070587594,262639.7076203509,
33,2012-09-23,252709.58,231163.85297734896,240091.23070826282,262534.5305361784,
33,2012-09-30,242813.51,225483.01214739657,233050.33755930717,262432.8288120639,
33,2012-10-07,265444.9,257611.47669952913,276153.9788161521,262334.4310109299,
33,2012-10-14,291781.15,267294.528604994,262225.78874071356,262239.2382834652,
33,2012-10-21,254412.34,227948.08352026244,245115.10266917653,262147.1449613156,
33,2012-10-28,253731.13,225188.95345074454,224883.34772236503,262058.05032048098,
34,2012-08-12,1004523.59,981172.4208246123,997433.3698955171,972223.1611190796,
34,2012-08-19,1013820.86,971733.0487868714,1024750.6476043309,963686.6458461937,
34,2012-08-26,926250.21,891234.74204593,903084.008302604,969159.2567498714,
34,2012-09-02,933487.71,939521.2012156361,1000198.3854176126,967116.3390782767,
34,2012-09-09,976415.56,949236.999185263,975751.6596898914,967039.0900142362,
34,2012-09-16,955211.7,941623.3796474199,936827.1350469864,967862.7772785163,
34,2012-09-23,943047.78,919931.7640236448,915619.0567184497,967111.6214313355,
34,2012-09-30,928629.31,885954.1868601472,907395.0331345466,967519.8882089218,
34,2012-10-07,968896.68,971323.4693960253,976990.1477586911,967409.4831934925,
34,2012-10-14,948613.39,926938.4580801819,933448.135116245,967363.9711182341,
34,2012-10-21,963516.28,970552.4631006579,978504.2473354195,967447.6071291898,
34,2012-10-28,956987.81,974187.2087204634,970032.2741623081,967385.1753921631,
35,2012-08-12,888368.8,766986.7010397266,854825.1423649052,871526.1621410649,
35,2012-08-19,887979.47,728284.7492029645,828300.1232299138,878813.3939283448,
35,2012-08-26,895274.72,756488.8854804195,790397.9612782395,885095.4699482357,
35,2012-09-02,931278.97,687552.1761143999,767773.1153568646,890511.0351822898,
35,2012-09-09,984833.35,763161.1385711485,821853.7680902376,895179.6107791838,
35,2012-09-16,821568.64,614572.5223573283,668478.5762025896,899204.2318781709,
35,2012-09-23,772302.94,582686.6063173016,614670.4106768422,902673.7215874491,
35,2012-09-30,814099.86,615101.652873362,641654.3852609486,905664.6513039924,
35,2012-10-07,866064.4,653960.3256992643,722759.8576476354,908243.0306389647,
35,2012-10-14,873643.14,633632.5718643526,676161.2659830508,910465.7642452547,
35,2012-10-21,829284.67,664153.5982416947,712017.4193546514,912381.9076992138,
35,2012-10-28,865137.6,664697.8267961527,732984.6081672534,914033.7501538205,
36,2012-08-12,298947.51,306118.203829006,317210.1016309099,325573.025994225,
36,2012-08-19,314607.22,300924.025258231,289967.12588290183,327339.059804846,
36,2012-08-26,282545.55,277344.2918146194,263502.4857314328,307237.0554338444,
36,2012-09-02,282647.48,280302.5252592295,281713.04363811977,300269.8535717398,
36,2012-09-09,293728.57,282075.8932014412,286621.5639125884,318545.09048281796,
36,2012-09-16,301893.63,278488.19553677546,303726.07914959476,330234.5713667131,
36,2012-09-23,293804.45,261632.04685700443,272796.84710099676,315006.29715074215,
36,2012-09-30,270677.98,254712.21596341673,274939.4333977411,299388.70597267203,
36,2012-10-07,277137.86,277770.9563408847,299746.49371753255,310556.80421592743,
36,2012-10-14,300236.85,276199.9427810185,307563.6900635652,329046.9992057075,
36,2012-10-21,287360.05,266206.1279618109,283064.8987716371,322677.9039879155,
36,2012-10-28,272489.41,247159.22082033355,252979.13748465385,302560.62321111246,
37,2012-08-12,500964.59,507611.8573210435,504688.9434499169,512655.76387316163,
37,2012-08-19,509633.71,511551.7167668904,501547.41988439555,515326.99421055213,
37,2012-08-26,522665.04,532997.064298228,525566.256948775,515686.08556139853,
37,2012-09-02,538344.1,535449.1414929429,524520.3616001789,516000.47629703605,
37,2012-09-09,526838.14,510928.90248518635,519234.3854004394,516275.7308650498,
37,2012-09-16,514651.74,518200.6740113672,513580.26172105887,516516.7210362735,
37,2012-09-23,521320.98,521533.2785672825,508489.58094079484,516727.7121309737,
37,2012-09-30,527953.14,521069.4809524553,536467.1010224635,516912.4385113764,
37,2012-10-07,546122.37,527645.1821038827,533589.3442377729,517074.16967669,
37,2012-10-14,521810.75,518520.12440991146,511205.3012448085,517215.76813045016,
37,2012-10-21,551969.1,527732.817122501,521978.998337393,517339.7400443875,
37,2012-10-28,534738.43,522172.2825100845,524063.01313237567,517448.27961552807,
38,2012-08-12,436690.13,426576.91946227086,434025.3710095378,452170.56556222134,
38,2012-08-19,411866.46,402725.2374531644,421062.9136104009,443027.34717411984,
38,2012-08-26,397428.22,404716.1376816001,414241.3558672998,447995.64666313794,
38,2012-09-02,424904.95,452395.17146196036,467957.5802182135,455042.5645995604,
38,2012-09-09,490274.82,433999.5393056133,426619.2337259908,455565.9089485583,
38,2012-09-16,430944.39,445265.61429608415,426334.69865383045,452078.37672085216,
38,2012-09-23,409600.98,432442.77216888586,420376.2372162988,450244.59125149174,
38,2012-09-30,398468.08,402659.861865794,449744.472175315,451267.328125264,
38,2012-10-07,458479.01,487853.2699755213,440157.1155034381,452692.4118055799,
38,2012-10-14,437320.66,437864.51122504106,425897.84290465835,452788.73727608507,
38,2012-10-21,428806.46,440029.13927156915,426688.3980572463,452079.21423039073,
38,2012-10-28,417290.38,415144.82788562676,428535.3872039646,451711.496762033,
39,2012-08-12,1641867.92,1664656.058905828,1597555.3039091572,1520484.4460083067,
39,2012-08-19,1720221.91,1791422.5384972556,1699520.2561104721,1502302.6218336567,
39,2012-08-26,1724669.75,1730518.403414206,1642171.981244188,1488108.3964958359,
39,2012-09-02,1710923.94,1610387.2044345848,1558732.0626106178,1477027.2183365098,
39,2012-09-09,1609811.75,1570927.3274103042,1499733.5773115207,1468376.3404987783,
39,2012-09-16,1447614.08,1508065.3791739377,1464028.498438296,1461622.7547078694,
39,2012-09-23,1555672.51,1470646.8375979345,1414723.2240647287,1456350.3509251883,
39,2012-09-30,1495607.07,1440749.856030523,1423314.5667706039,1452234.2794768845,
39,2012-10-07,1574408.67,1586348.7069008513,1507739.3016019478,1449020.9360256123,
39,2012-10-14,1494417.07,1520897.1300778438,1455117.1494872435,1446512.336195527,
39,2012-10-21,1577486.33,1609612.4874943371,1488543.3619446473,1444553.9171211475,
39,2012-10-28,1569502.0,1617453.8087725013,1510732.8736814733,1443025.014334463,
40,2012-08-12,1007906.43,985793.5994938933,956011.1718787444,975136.1456050035,
40,2012-08-19,969387.48,970866.5341424851,963154.8092097037,984466.3290398641,
40,2012-08-26,945318.47,998005.3256973007,954111.6468181165,948439.282978138,
40,2012-09-02,987264.67,985248.6857537152,1004986.518038986,975269.2176506841,
40,2012-09-09,1088248.4,1051239.1026415755,999775.4876751973,955288.5233328718,
40,2012-09-16,901709.82,916616.770074673,887118.3185922401,970168.4755315764,
40,2012-09-23,899768.4,902083.4710489016,876796.6651240065,959087.13001305,
40,2012-09-30,919595.44,939373.9918178266,925147.1187567808,967339.5905627322,
40,2012-10-07,1069112.0,1101545.2095724107,1011438.5606046326,961193.847249323,
40,2012-10-14,982523.26,963880.6712646615,952921.0989595163,965770.6835331109,
40,2012-10-21,918170.5,969593.304292813,918182.0901134745,962362.2381587502,
40,2012-10-28,921264.52,968885.1287733457,909951.7561778328,964900.5635760592,
41,2012-08-12,1504545.94,1435204.8838487712,1441202.682709482,1327726.7268983524,
41,2012-08-19,1560590.05,1490377.016633696,1505950.1823405344,1332877.9914504408,
41,2012-08-26,1464462.85,1404722.2185726597,1338166.7378982154,1288567.6824377545,
41,2012-09-02,1360517.52,1361672.9337824169,1370058.2685715214,1299732.4835696192,
41,2012-09-09,1392143.82,1357329.3105724,1324819.2330640627,1269622.6118311125,
41,2012-09-16,1306644.25,1274261.4434960985,1257285.1158508551,1282073.3657324496,
41,2012-09-23,1276609.36,1250544.552496196,1251529.1109516197,1260746.294964387,
41,2012-09-30,1307928.01,1237881.5374582314,1247462.1119458515,1272448.1331002638,
41,2012-10-07,1400160.95,1351883.6646662978,1309326.325283139,1256828.292979737,
41,2012-10-14,1409544.97,1320982.3111310946,1277518.213636427,1267037.8757234234,
41,2012-10-21,1326197.24,1289754.2575017847,1287629.5735245396,1255305.89006824,
41,2012-10-28,1316542.59,1346555.9892046044,1284768.549164915,1263875.6716709803,
42,2012-08-12,576620.31,622490.3288599786,624573.6284009642,624643.6154021969,
42,2012-08-19,575997.78,552811.9461286798,542164.0881184594,579232.4775463571,
42,2012-08-26,535537.03,515272.3028943909,507486.9058564601,516370.83931763074,
42,2012-09-02,504760.57,538302.0460822927,563310.9253410044,545876.2559895746,
42,2012-09-09,617405.35,621999.1305970951,628215.9586191662,616016.4595456965,
42,2012-09-16,586737.66,603427.9639134597,577306.831276495,604211.3961141033,
42,2012-09-23,527165.7,544473.7354678357,531370.2887094102,531259.0587555134,
42,2012-09-30,505978.46,513994.7511948141,519376.0244632744,524696.0837576401,
42,2012-10-07,593162.53,658249.4639715045,638957.5591901366,595836.1813165443,
42,2012-10-14,612379.9,638651.9640854888,597791.5492933887,620270.728099206,
42,2012-10-21,541406.98,556060.1129918919,556456.1754114246,555432.1419562575,
42,2012-10-28,514756.08,522303.2471456513,512755.09183981334,514750.0865092591,
43,2012-08-12,643558.78,616355.8296650312,649613.6116411192,647873.7609102031,
43,2012-08-19,640210.85,677603.9444865186,684678.5408523355,641247.2994830472,
43,2012-08-26,598234.64,571914.0452215683,606645.518457607,606069.9157377165,
43,2012-09-02,593141.29,616098.1889195184,645779.6077568067,603699.7234619305,
43,2012-09-09,663814.18,660759.9380623515,689995.3905120357,638258.7704451272,
43,2012-09-16,625196.94,630350.1511687859,679604.9148611117,649464.3676300634,
43,2012-09-23,601990.02,608561.9018907474,624879.0407426585,617782.5226576033,
43,2012-09-30,577792.32,565402.717431679,614284.0257583724,598480.2711783096,
43,2012-10-07,642614.89,657073.6261301624,686289.5340381397,625215.7271570595,
43,2012-10-14,619369.72,611520.2871300095,656695.9230650284,651347.0805621708,
43,2012-10-21,623919.23,603610.4494159269,651162.0195730879,631302.3819434772,
43,2012-10-28,587603.55,590467.7883626064,596719.8859093576,600055.0443361276,
44,2012-08-12,333594.81,335058.9162864147,339154.3093628772,336121.95324993314,
44,2012-08-19,327389.51,335127.2543286609,334688.2525981704,337863.20072901685,
44,2012-08-26,337985.74,360672.9615664801,348276.57993758196,337379.1298035633,
44,2012-09-02,339490.69,349933.31450668623,346345.6565093819,337513.70266795176,
44,2012-09-09,338737.33,338671.7358269177,333519.11289158126,337476.29109275184,
44,2012-09-16,347726.67,344463.0646000004,331851.1293711477,337486.69159931235,
44,2012-09-23,336017.6,347190.27010698646,333454.0637544731,337483.8002338422,
44,2012-09-30,355307.94,342937.2833149475,346319.14686730225,337484.60404029465,
44,2012-10-07,337390.44,350919.16741933743,333195.2149273262,337484.3805801961,
44,2012-10-14,337796.13,335429.72767844517,319417.4651624447,337484.44270263304,
44,2012-10-21,323766.77,345229.952838652,322786.4136129711,337484.42543244833,
44,2012-10-28,361067.07,346789.766653908,335020.19328968576,337484.4302336006,
45,2012-08-12,733037.32,737967.8841582066,728066.8709668387,747369.1626494058,
45,2012-08-19,722496.93,715662.2631714051,714145.4000166699,790379.9211262892,
45,2012-08-26,718232.26,843220.7069335647,743071.5465779278,791657.2396128096,
45,2012-09-02,734297.87,736137.3603416419,786566.6650796247,790712.1156932358,
45,2012-09-09,766512.66,754798.2783590032,730968.6153432606,791411.4394975784,
45,2012-09-16,702238.27,720019.6739855823,722830.1666015693,790893.9901206325,
45,2012-09-23,723086.2,721903.2524694777,690710.984277965,791276.8654868634,
45,2012-09-30,713173.95,707210.5912545962,700260.8525030981,790993.5652209867,
45,2012-10-07,733455.07,762377.3845574028,757611.5676786893,791203.1870659122,
45,2012-10-14,734464.36,729526.771638677,727531.8026289163,791048.0819595546,
45,2012-10-21,718125.53,780029.2721096202,747837.3796216398,791162.8485957644,
45,2012-10-28,760281.43,789962.2435013159,750127.1918984172,791077.9295296147,
