,Store,Date,Actual,SARIMA,Holt-Winters,ARIMA,Random_Forest
0,1,2012-08-12,1.0204092052020945,1.041619520831512,1.0297557982517007,0.7829199411830927,1.006680185492074
1,1,2012-08-19,1.0304212115922289,1.0579338245148353,1.0370335751323214,1.0383314888709922,0.99754415298542
2,1,2012-08-26,0.8401157725021553,0.9312564077806488,0.9154851014871888,0.9391252501433163,1.0006978245706926
3,1,2012-09-02,1.0014667043907894,1.0969539613361214,1.075108983325611,0.9219556550982055,0.9931059075291632
4,1,2012-09-09,1.1476345905982108,1.060448771521014,1.0338567973410253,0.9872881226923965,1.0513055868721963
5,1,2012-09-16,0.882867935682541,0.9896633002396216,0.936812107434292,0.9266609762481025,1.0051466584214923
6,1,2012-09-23,0.8621346730798543,0.7684894432274756,0.7393096373944813,0.959393517750539,1.0061225010634929
7,1,2012-09-30,0.7354422752135502,0.8474842340255689,0.843466023518616,0.9537970511926015,1.0049286506363644
8,1,2012-10-07,1.1641778954435626,1.1767575240347303,1.1083556877026928,0.9441009720737507,0.9972775243960946
9,1,2012-10-14,0.9849381660295201,0.9772961069724657,0.9351930955013851,0.9569778847941949,0.9440599885448048
10,1,2012-10-21,0.8656982751036753,0.9220483949466095,0.8366504168101623,0.9480346788321834,0.9696288680100094
11,1,2012-10-28,0.8392671307386907,0.8731986056883441,0.8173236242312986,0.9513201296734024,0.9947753618283521
12,2,2012-08-12,1.5235885966286824,1.5613748628379334,1.5549865617746699,1.6229489624927078,1.5418897086919394
13,2,2012-08-19,1.6360267514908282,1.6223635323574184,1.647099028462223,1.5419666948989628,1.50808068444553
14,2,2012-08-26,1.5420571391595876,1.5497297539957133,1.5341823104026515,1.6036445889422346,1.4893232240054557
15,2,2012-09-02,1.6710027557492013,1.5426676769593912,1.560892636319009,1.5581648354222661,1.4935579618136494
16,2,2012-09-09,1.5823924232800384,1.443038885870139,1.445105788363061,1.5925242012831,1.4841293861801264
17,2,2012-09-16,1.4283615952485005,1.3305580133489179,1.3520808385998397,1.567034768149214,1.4106900844268677
18,2,2012-09-23,1.4551596271266931,1.2749038146238159,1.2684863101442296,1.5862042713916908,1.427864363154842
19,2,2012-09-30,1.3030096089242524,1.3002745440762584,1.3458744123355169,1.571934860594693,1.4142081631228904
20,2,2012-10-07,1.7649904914174275,1.5557601427962102,1.5384387030288886,1.5826388150932065,1.4671219316684974
21,2,2012-10-14,1.586002525971125,1.3937031890841067,1.4019108799870157,1.5746556826159201,1.507047815843218
22,2,2012-10-21,1.4892321243372653,1.4824960694227864,1.4337436398947112,1.5806354626734298,1.4538873837285036
23,2,2012-10-28,1.4644096462512577,1.4291838765014866,1.4335803977935455,1.5761708475290979,1.4630855957901305
24,3,2012-08-12,-1.1819034308209435,-1.146520402245964,-1.1628404828959003,-1.1481304408199753,-1.1377226282821742
25,3,2012-08-19,-1.1762036963693385,-1.145187120829844,-1.153107631604063,-1.1508202915895664,-1.1384638742323632
26,3,2012-08-26,-1.1440460727902741,-1.1639958586210357,-1.1565782698882294,-1.1529370210918997,-1.1387651321529255
27,3,2012-09-02,-1.1506697855893522,-1.1489069346331455,-1.1445659857369443,-1.1546027431597188,-1.1425500813884923
28,3,2012-09-09,-1.1517869022112397,-1.1518827969825958,-1.1571546938626702,-1.1559135530691382,-1.1439153540032705
29,3,2012-09-16,-1.152961929131572,-1.1524986658152572,-1.1495925064534913,-1.156945071262856,-1.1371929365215485
30,3,2012-09-23,-1.1404830027267494,-1.1717117169899218,-1.166714015744449,-1.1577568058830512,-1.1408233193734696
31,3,2012-09-30,-1.1855695177473342,-1.1668010964587778,-1.1616375779466537,-1.1583955857878907,-1.1349455423966124
32,3,2012-10-07,-1.0869832788143403,-1.1034090756871884,-1.0971265096751224,-1.1588982621018922,-1.1379161403962725
33,3,2012-10-14,-1.1470640853283023,-1.1727935715398234,-1.1755008212425173,-1.1592938341522079,-1.1385901595888854
34,3,2012-10-21,-1.12191760673503,-1.131421013527235,-1.1487871535359042,-1.1596051224358064,-1.1423328086257456
35,3,2012-10-28,-1.1569176225805629,-1.1408633148396026,-1.1548289263351064,-1.1598500851307902,-1.1363577133648364
36,4,2012-08-12,2.122773504157119,2.234111473512152,2.1959396667033912,2.03770766676352,2.0283905588592175
37,4,2012-08-19,2.2881812569813853,2.390804771986849,2.2987519874397844,1.985025819412678,2.01124494105139
38,4,2012-08-26,1.997806840521859,1.9904197608931569,1.9333499252262047,1.995624001950298,2.0246238960339813
39,4,2012-09-02,1.9169849570918946,2.154299076542456,2.09121605785583,2.0306993853563764,2.0274457902193292
40,4,2012-09-09,1.9975556085144146,2.1388642986707973,2.0356337991354274,2.0372693522702168,2.01303860697912
41,4,2012-09-16,1.98425638098949,2.132560364401097,2.0460056462592395,2.0189065061722133,2.028457051511584
42,4,2012-09-23,1.987161856409697,2.02893993426026,1.9187379153509285,2.0082913995935074,2.0214012688201706
43,4,2012-09-30,1.8187353389656042,1.9089531657447696,1.8499159555530997,2.0152769606020082,2.019422966627601
44,4,2012-10-07,2.15298103466438,2.2799326466701912,2.162345790153754,2.0241206691737936,2.0739703544256334
45,4,2012-10-14,2.0120861040033935,2.1148816739414387,1.9958337582842651,2.023223126201002,2.0677396957164262
46,4,2012-10-21,1.9464913272419297,2.322774827488717,2.1684661365328424,2.0176578695308907,2.065191673034988
47,4,2012-10-28,2.0424782614203303,2.2507716826018638,2.1174947799072568,2.016151203768165,2.0747077750309884
48,5,2012-08-12,-1.337918030514068,-1.3243447682726224,-1.322926525428378,-1.3158865899561347,-1.3081062942425064
49,5,2012-08-19,-1.324610805241243,-1.3122365810235006,-1.3103634550291985,-1.3163840628154104,-1.3082852623786738
50,5,2012-08-26,-1.3121057394080757,-1.3059925411600535,-1.3037767273301688,-1.3167642040258012,-1.303044763564252
51,5,2012-09-02,-1.2684287724245857,-1.2695242762423835,-1.2673237100612444,-1.3170546868876152,-1.3090452340650254
52,5,2012-09-09,-1.2574100403457418,-1.2816131143660208,-1.2788839136215193,-1.317276657804478,-1.3075658115755564
53,5,2012-09-16,-1.3506832983058803,-1.3435178512935557,-1.3406753041996495,-1.3174462756870102,-1.3028575799433317
54,5,2012-09-23,-1.336914533274052,-1.3234203192144074,-1.3202626091547311,-1.3175758882798734,-1.3056268309709043
55,5,2012-09-30,-1.3317143095405195,-1.332514616724398,-1.3289479474641321,-1.3176749310457532,-1.3025843882479935
56,5,2012-10-07,-1.2713522060906524,-1.3115288451011216,-1.30760784900891,-1.3177506140427246,-1.3047355650632557
57,5,2012-10-14,-1.303825410529535,-1.3425268114953277,-1.3384954939175635,-1.3178084467978959,-1.304948949379672
58,5,2012-10-21,-1.3258141911483974,-1.3214639100423031,-1.3170110544408404,-1.31785263938678,-1.3049437618496116
59,5,2012-10-28,-1.314454784358524,-1.3280679449637416,-1.3232596229348619,-1.317886408915942,-1.3045689041036912
60,6,2012-08-12,1.0130181855344855,0.9272521819635837,0.9277560498155114,0.9181172944362344,1.0170057534941181
61,6,2012-08-19,0.9298650686522646,0.9161196679148425,0.928668049947765,0.8980444759677227,0.9844004038808984
62,6,2012-08-26,0.8529068678835182,0.7556691723205654,0.7799665012603256,0.8899180577063056,0.887218968082592
63,6,2012-09-02,0.9929487543510023,0.8665095103809068,0.8914461103838721,0.8925058704831398,0.8959110417511605
64,6,2012-09-09,1.0491479749882624,0.7235439257030851,0.8138887447598551,0.9033730224006433,0.9364668289173976
65,6,2012-09-16,0.6219102082045036,0.5087294915843089,0.5867276750289221,0.9194439698037211,0.9080300115351305
66,6,2012-09-23,0.7144287245651747,0.45175281359570274,0.5425872888479281,0.937541396661265,0.873618463376474
67,6,2012-09-30,0.6108391972689701,0.5346273831991007,0.5651140725107928,0.9548338585380917,0.8663817452129702
68,6,2012-10-07,0.8842415672279171,0.6186947358608988,0.7542578663179945,0.9691496827357544,0.834623546223475
69,6,2012-10-14,0.7764171223576253,0.5760621730426859,0.6526557197174334,0.9791409026798384,0.8411202606557993
70,6,2012-10-21,0.7351207694166401,0.5623591026033967,0.6707437497875853,0.9843043564910146,0.8368536054132711
71,6,2012-10-28,0.7251095517952211,0.6501647869980101,0.7205572756400482,0.9848849240509852,0.858796436585795
72,7,2012-08-12,-0.6607388103076783,-0.7066770079520373,-0.6524745651515013,-0.7203654872381984,-0.659680315160121
73,7,2012-08-19,-0.7221451885057795,-0.7511361704390981,-0.6920043606899403,-0.7432016407046864,-0.6622807120842323
74,7,2012-08-26,-0.7833225119377474,-0.7849738657463186,-0.7331936188056347,-0.7825277671019203,-0.6669800258606792
75,7,2012-09-02,-0.8248378123992388,-0.8475858832898531,-0.7890508292088837,-0.7925838800905483,-0.6718148893573571
76,7,2012-09-09,-0.8039090452159926,-0.8186681344855293,-0.7688487290411053,-0.8153272446066608,-0.6660250802700222
77,7,2012-09-16,-0.9080198202285776,-0.9157279625881938,-0.8626589338159784,-0.8192450574666674,-0.736059593260615
78,7,2012-09-23,-0.9268731351447164,-0.9455966403018844,-0.8865073850497162,-0.8325767296500329,-0.7682038378547967
79,7,2012-09-30,-0.9365887295891513,-1.0294598246582667,-0.9672433689196623,-0.8336824316241528,-0.7849763412789966
80,7,2012-10-07,-0.9727532248663867,-0.9648124306216224,-0.9062861622779742,-0.8416092136487424,-0.770848822406888
81,7,2012-10-14,-0.9770944427824089,-1.0062749518676404,-0.9452871993298051,-0.8415294678006803,-0.7642555916665172
82,7,2012-10-21,-0.9533196696713718,-0.9286586931607094,-0.8865153809038088,-0.8463119541053833,-0.7613792113561206
83,7,2012-10-28,-0.9916236542292942,-0.9740626948483034,-0.9231993934303275,-0.8458139476106195,-0.7478073116226023
84,8,2012-08-12,-0.1933119200806973,-0.3079778981917985,-0.2573937365606024,-0.2605039195343913,-0.2885645916635555
85,8,2012-08-19,-0.2559227297630862,-0.22293612730400814,-0.22068692175954815,-0.2127124943230257,-0.28137267464588817
86,8,2012-08-26,-0.18298829501777772,-0.19105695470876305,-0.18899308951023613,-0.2508352541750023,-0.2718540957326884
87,8,2012-09-02,-0.11004721994049697,-0.2370508592725224,-0.20004356448722313,-0.22270142838198123,-0.2763346081859925
88,8,2012-09-09,-0.1907169076953905,-0.31039795171511697,-0.30247217402329496,-0.24346362285125228,-0.2634499021004073
89,8,2012-09-16,-0.27984958848844294,-0.2649882442186918,-0.2778517232987109,-0.22814154321831587,-0.2728488106750843
90,8,2012-09-23,-0.32712605564401415,-0.3837333855308757,-0.3957899430710821,-0.23944892812049992,-0.27446354130143674
91,8,2012-09-30,-0.27773086400276353,-0.38532016947405895,-0.36656687444311076,-0.23110430673821064,-0.2777092889771944
92,8,2012-10-07,-0.1095000529172739,-0.1510454581293718,-0.19581807499529005,-0.2372624685604291,-0.26751917696031063
93,8,2012-10-14,-0.19924364425179342,-0.27883051655305446,-0.2982704041629989,-0.23271786967555733,-0.2715374707632127
94,8,2012-10-21,-0.24914196027243843,-0.19284051663808946,-0.25089914407736047,-0.23607169174464637,-0.2755899661278992
95,8,2012-10-28,-0.26498760836113633,-0.25195050062349117,-0.2839394086621972,-0.23359663888386437,-0.278843504453911
96,9,2012-08-12,-0.9124345954131348,-0.9300163210517197,-0.9349158252965087,-0.9164023911382055,-0.9326135401621767
97,9,2012-08-19,-0.9189648666346774,-0.8690026140263991,-0.9011016840002666,-0.8963688761190715,-0.9415460305350654
98,9,2012-08-26,-0.8497470917308095,-0.877058398766625,-0.8935668012716035,-0.9098418508774773,-0.9241015946700902
99,9,2012-09-02,-0.8424255387404925,-0.870010612762908,-0.8888423850947326,-0.9002029416656485,-0.9314642795642429
100,9,2012-09-09,-0.862725987440167,-0.899037568134752,-0.9284201055765157,-0.9070971965494027,-0.9281730476322544
101,9,2012-09-16,-0.9404746261785975,-0.9524131695833689,-0.9751872489388318,-0.9021660582975867,-0.9210233046102992
102,9,2012-09-23,-0.9215266957035801,-0.9375584083539018,-0.9799168316254643,-0.9056930709746869,-0.921313758050378
103,9,2012-09-30,-0.9534366459061465,-0.9431798766190135,-0.9400409137819165,-0.9031703636829155,-0.923605210044213
104,9,2012-10-07,-0.7876223470114219,-0.8528190951928042,-0.8909280614052155,-0.9049747382805108,-0.9232916053251772
105,9,2012-10-14,-0.876203825220384,-0.8921469311208335,-0.9603874390142182,-0.9036841534793859,-0.9222809154316536
106,9,2012-10-21,-0.9063886098391201,-0.8384803593234823,-0.925529967498459,-0.9046072484570664,-0.9239779142681074
107,9,2012-10-28,-0.892223736164713,-0.8654070378260753,-0.8954503143280479,-0.9039470017711637,-0.9209301346993842
108,10,2012-08-12,1.5487502819490406,1.6332637411581352,1.6583633092724361,1.5014344244769031,1.4679382337312137
109,10,2012-08-19,1.4521911602700397,1.7315439265833483,1.7112363708041678,1.4684636223202403,1.4843986155049964
110,10,2012-08-26,1.3369699358861735,1.3258972138189271,1.269091001971301,1.4338136732170657,1.4587157760198963
111,10,2012-09-02,1.1265730167755152,1.3326681503301738,1.33233504196835,1.4853681791379738,1.4351735717313352
112,10,2012-09-09,1.2329609303812774,1.1894392367765294,1.2096102368890032,1.453376595484199,1.4083525892516213
113,10,2012-09-16,1.1080157652793643,1.2463235215772777,1.1880948090926884,1.4571747985169652,1.4964884019471203
114,10,2012-09-23,1.1661435804550813,1.1960249815380972,1.1636051617063161,1.4705436661665587,1.3714421682410671
115,10,2012-09-30,1.2083424132101914,1.099192365054444,1.101837079805454,1.4554190126210576,1.4194131741322196
116,10,2012-10-07,1.3259404361971974,1.3005283303841066,1.3649015562082687,1.4630931640173066,1.4534232195708938
117,10,2012-10-14,1.2432439613705641,1.2457990199243667,1.2256601899812944,1.4636551976573409,1.5393339313134258
118,10,2012-10-21,1.2816656375581421,1.3430824020716312,1.296796601222804,1.4590052219317617,1.547504041687299
119,10,2012-10-28,1.299118025862675,1.273874511876546,1.3215050968888948,1.4632599555515315,1.533647557503245
120,11,2012-08-12,0.6472366361255377,0.6730202770707018,0.7038499154637671,0.5633015296942404,0.5931517278218874
121,11,2012-08-19,0.7065475493433216,0.8499089630603939,0.8645376408502258,0.5833303787661293,0.5885048541411304
122,11,2012-08-26,0.6849179152981859,0.568696463859236,0.5902822178637286,0.609298066745951,0.5908890957859857
123,11,2012-09-02,0.617701283311093,0.5539907257719863,0.5766200995931701,0.5818959107039695,0.5884235032873878
124,11,2012-09-09,0.49243756570908603,0.44378714859801044,0.46521329454275445,0.5971557492513294,0.5893121433289538
125,11,2012-09-16,0.42473305275660167,0.4508242321219358,0.4697964301545763,0.5924096626433759,0.5727844900395561
126,11,2012-09-23,0.531965113978499,0.3763219695604612,0.3952848482416168,0.5919325204208803,0.5527728345135325
127,11,2012-09-30,0.35091105142891804,0.33927966094477424,0.36456012872524635,0.5937053040846241,0.5545502795043558
128,11,2012-10-07,0.7092753316811609,0.5866303569211943,0.6086278647420046,0.5923693427328353,0.5553586883768856
129,11,2012-10-14,0.5059763037714817,0.4270834562410876,0.4444751324638688,0.5929664003200634,0.5632442519043127
130,11,2012-10-21,0.3594269103144378,0.46054635790210896,0.47466718903185334,0.5928571916839154,0.555829329976556
131,11,2012-10-28,0.3019316693046617,0.4653665570841692,0.48397425922484627,0.592774914280334,0.5583300267185306
132,12,2012-08-12,-0.09435958240321027,-0.12629002974734632,-0.12757094296759508,-0.06097012802689989,-0.1560482801850276
133,12,2012-08-19,-0.05709811162150678,-0.09585622720198915,-0.0997595639944394,-0.04341302016882642,-0.14417600918960644
134,12,2012-08-26,0.021959021041210953,-0.0017592171761004333,-0.0024662561340334592,-0.03728748075165771,-0.07347531443247435
135,12,2012-09-02,0.04735021971416471,0.08801442883741431,0.09377003468404582,-0.04741778841573467,-0.057604561119621395
136,12,2012-09-09,-0.14855323935020043,-0.18127266291365435,-0.18377255150549587,-0.040059298853087476,-0.07856610787975014
137,12,2012-09-16,-0.27558842142525997,-0.25530059249127046,-0.261336258442331,-0.04388650863817644,-0.10715111344171213
138,12,2012-09-23,-0.20800561731983977,-0.27646423126122843,-0.27907271150521973,-0.04245428255806079,-0.10875870827927833
139,12,2012-09-30,-0.2856345833350977,-0.28374059484158726,-0.28554094297198657,-0.042703420653001575,-0.11438671247081399
140,12,2012-10-07,-0.10328180392460322,-0.14131376380904118,-0.146621163391929,-0.04286488015035182,1.6103847414259322
141,12,2012-10-14,-0.1856594327558076,-0.2084758084052075,-0.2203049757866719,-0.042654944353659095,1.672168389351312
142,12,2012-10-21,-0.1379151523784301,-0.2000962897783582,-0.2150890963142493,-0.04279821565454711,1.6378232529503705
143,12,2012-10-28,-0.11268891642765436,-0.07247421556799723,-0.07848408294288159,-0.04272709155041191,1.789075875595075
144,13,2012-08-12,1.8433150046916136,1.8246960942673602,1.791195107345148,2.007326643854404,1.883237971339264
145,13,2012-08-19,1.9437440824946346,2.09708630555665,2.0094637524584145,1.8054365192881061,1.9412846113915716
146,13,2012-08-26,1.877137278784958,1.9929065126900007,1.875505806880503,1.7899974873419686,1.9263149410384792
147,13,2012-09-02,1.9035466678081763,1.8358337361562829,1.8022796585634195,1.8987436997298022,1.9454493162599098
148,13,2012-09-09,2.0721980577098673,1.6643171424642087,1.5984223275411602,1.8711972142460218,1.9329479018755875
149,13,2012-09-16,1.6211704211487357,1.740417590162489,1.659507412775598,1.824321908659875,1.9656139281642262
150,13,2012-09-23,1.6550372698462046,1.5926430842658892,1.51070158770566,1.853764935949397,1.937407779589005
151,13,2012-09-30,1.635381245186654,1.574559653787271,1.5532262604574327,1.8682389122073935,1.877885218996888
152,13,2012-10-07,1.8449637514273851,1.9844061519663214,1.8614361587249548,1.848392265178784,1.8847269738833612
153,13,2012-10-14,1.7663816593091177,1.7438944325728132,1.7148314812800483,1.847431872571178,1.8769152697412304
154,13,2012-10-21,1.8011071286114686,1.8140554242107365,1.703408003620107,1.8579402587059803,1.9044879658657186
155,13,2012-10-28,1.8326202914634924,1.780946555677247,1.7624339361933299,1.855005345977338,2.0048790719759317
156,14,2012-08-12,1.1234261781285297,0.9468260699012302,1.083471179093845,1.133544915597855,1.1371471942207425
157,14,2012-08-19,1.1451875182056057,0.8705097600968457,1.0660654690166538,1.041842104865745,1.0839146312248245
158,14,2012-08-26,1.0743964982411007,1.0764698499081442,1.385746816642516,1.0553359533845645,1.100707531474255
159,14,2012-09-02,1.058806136064173,0.9422723571770528,1.0632860603121623,1.0796013298350589,1.096537081434718
160,14,2012-09-09,1.592912891995987,1.2414999700524185,1.494175260053215,1.0725854415986729,1.0694219814090926
161,14,2012-09-16,0.9514089103420544,0.7335310548438652,0.9735988933384636,1.0666167843508074,1.2517562194351832
162,14,2012-09-23,0.9707763740561388,0.6624504511249507,0.9204111753833791,1.069392097477721,1.2124506083031414
163,14,2012-09-30,0.8921925209658566,0.5885589864014377,0.8497772575198648,1.0707224809553897,1.2203337521449595
164,14,2012-10-07,1.1950062603033318,1.041598712911713,1.3207539238775796,1.0697599051621867,1.2195259506243403
165,14,2012-10-14,1.1069456445981218,0.7332028851643996,1.0101239234979726,1.0695085139491733,1.2344641155371758
166,14,2012-10-21,1.0164924182285555,0.8171960029394546,1.1305819196256814,1.0698148033397177,1.196661625542361
167,14,2012-10-28,1.2257599122566816,0.9034314804466875,1.2266406494918614,1.0698459798131745,1.038675318680296
168,15,2012-08-12,-0.8175252477035807,-0.8395910410334408,-0.8242021118893376,-0.8368773094724743,-0.8314298788802996
169,15,2012-08-19,-0.8371810522416299,-0.8175594813093626,-0.8018491527904382,-0.7384525690716135,-0.8173922743220937
170,15,2012-08-26,-0.7886212033564406,-0.7997654048428181,-0.7837854853145308,-0.737922650054591,-0.8078971818228378
171,15,2012-09-02,-0.7813305040632996,-0.7747566558962272,-0.7528731476140477,-0.7596568344289797,-0.8089183364759935
172,15,2012-09-09,-0.8233837998187704,-0.8056467809418537,-0.7869906953136422,-0.7413515776772099,-0.80372251645654
173,15,2012-09-16,-0.9329860743422104,-0.9164703505250517,-0.8972549976202512,-0.7521652185747753,-0.8083434776175344
174,15,2012-09-23,-0.9226185717265889,-0.9508652399913372,-0.9275728524923385,-0.746959237591858,-0.8601624538971018
175,15,2012-09-30,-0.8845736334894266,-0.9523035607982445,-0.9319901163403042,-0.7490328092077347,-0.8569554100015802
176,15,2012-10-07,-0.8486265632256434,-0.8795720132792447,-0.8553845907484637,-0.7484012761571615,-0.8420126284071127
177,15,2012-10-14,-0.8884300521410834,-0.9287427378512795,-0.9060976297375068,-0.7484880791944027,-0.8461530757025129
178,15,2012-10-21,-0.8813620607774387,-0.8504662001494495,-0.8230859560273,-0.748551086755272,-0.8194568111307933
179,15,2012-10-28,-0.8761876829769152,-0.8636761559337477,-0.8363765405119017,-0.7484789156619954,-0.8180062311617117
180,16,2012-08-12,-0.884326235264806,-0.9074935315996083,-0.8928425044099085,-0.8930595321752017,-0.8653947700615617
181,16,2012-08-19,-0.9432825510865684,-0.9278954955205193,-0.9218745957479084,-0.8887505779361662,-0.8719280765751798
182,16,2012-08-26,-0.8896177543912307,-0.8800675074855553,-0.8650089615747546,-0.9263844209237944,-0.8716728578004675
183,16,2012-09-02,-0.8883609339895024,-0.8809824744996729,-0.8792891492707766,-0.9174013437439947,-0.8577627595393813
184,16,2012-09-09,-0.9153234883468694,-0.8895829807657956,-0.8892913817167336,-0.940745941125644,-0.8758519136735542
185,16,2012-09-16,-0.9347921712648876,-0.9385235442762953,-0.9362157747022041,-0.9315190419447584,-0.9054380101806478
186,16,2012-09-23,-0.9652103947363352,-0.9826754934171973,-0.9775735189611579,-0.9466298974670099,-0.921264697736915
187,16,2012-09-30,-1.039198422706789,-1.076513225462833,-1.0713831372948959,-0.938681157316928,-0.9247438173117608
188,16,2012-10-07,-1.036127819473277,-1.0549528724997272,-1.0607127318381075,-0.9488030160152963,-0.9244308522291225
189,16,2012-10-14,-0.9984585919528554,-1.0303640543832966,-1.0382944108175989,-0.9424545624389147,-0.9234154328416969
190,16,2012-10-21,-0.841838878251146,-0.8959961142880593,-0.9000216931309059,-0.949411124063756,-0.9201111678824531
191,16,2012-10-28,-1.027894431505006,-0.9887391132087505,-0.9922201303832546,-0.9445351427997597,-0.9219631647241304
192,17,2012-08-12,-0.3431259722185915,-0.3162068969646027,-0.3410716348454132,-0.2724299489989712,-0.24575143776774133
193,17,2012-08-19,-0.35073093164254004,-0.3289316215879832,-0.3238360092761722,-0.29003927591281736,-0.21634420428879822
194,17,2012-08-26,-0.20513594833059995,-0.2549473854946697,-0.2718525387670823,-0.2828657447046697,-0.18296586958947308
195,17,2012-09-02,-0.3122169511718531,-0.23892597230201845,-0.2352322855910597,-0.2788775912869593,-0.14091258814189983
196,17,2012-09-09,0.40264430028898274,0.33349671712876666,0.3876765747553441,-0.2766603614148527,0.031236638265938713
197,17,2012-09-16,0.06403676862684549,0.14566698350260235,-0.017952900299921137,-0.27542768358357095,-0.1374609245054144
198,17,2012-09-23,-0.17944868623765822,-0.15048951974021607,-0.17921789630413928,-0.2747423714042389,-0.1880174256453057
199,17,2012-09-30,-0.11632341591852954,-0.20160113679287392,-0.22768645850365907,-0.2743613693522652,-0.190459124321747
200,17,2012-10-07,-0.1532067363035136,-0.10713241988904859,-0.18502633171418845,-0.27414954973489075,-0.18571750025769165
201,17,2012-10-14,-0.21324639844008814,-0.1733794302635063,-0.20818527201266812,-0.27403178776990333,-0.18088036675802577
202,17,2012-10-21,-0.14449786754778862,-0.1850549902749596,-0.23727297742602363,-0.27396631753362594,-0.183374144714328
203,17,2012-10-28,-0.16997977462296288,-0.07635643361205272,-0.14178201026193438,-0.27392991909344466,-0.17234241391049607
204,18,2012-08-12,-0.12625120749074772,-0.11217194758442484,-0.10729182631960525,0.029163729263744984,-0.11074600848853981
205,18,2012-08-19,0.02201927930234228,-0.012000231722586185,-0.04928783019332339,0.14637323308833186,-0.13710498675288124
206,18,2012-08-26,0.20124710381182662,0.18116124256863922,0.2162976225874394,0.05593597426180291,-0.20753595195903002
207,18,2012-09-02,0.14852125372608765,-0.15162256097224003,-0.36337001042656314,0.12370947220617111,-0.18672009976884937
208,18,2012-09-09,0.08693127585198548,-0.1819653477256016,-0.14660178718407102,0.07282486930823195,-0.18136593699795164
209,18,2012-09-16,-0.1387760659156231,-0.24781142880175028,-0.25403410637433854,0.11102456670559756,-0.23564929088886152
210,18,2012-09-23,-0.11876234381556625,-0.30776638720041877,-0.28877519240760535,0.08234735661910819,-0.23138754600673617
211,18,2012-09-30,-0.06103630541110077,-0.31010885083922285,-0.2940119076724491,0.1038758505765324,-0.22243742170033406
212,18,2012-10-07,0.10285990974688071,-0.012086365965642849,0.011176242550416313,0.08771402499441006,-0.18192731011260035
213,18,2012-10-14,0.06961094210510378,-0.14686737907529088,-0.11917329065928443,0.09984699658521119,-0.14178372815719956
214,18,2012-10-21,0.023069460644208978,-0.06815791822762271,-0.009954710810386347,0.09073855775842027,-0.12680463183452995
215,18,2012-10-28,0.16763333981110942,-0.05491840699208503,0.03296163095140428,0.09757642573163217,-0.10756357105853695
216,19,2012-08-12,0.6838029265174828,0.562405724842362,0.5672289149099343,0.627904857344216,0.5504616974206562
217,19,2012-08-19,0.6217898751168256,0.5960695740393063,0.598531591657997,0.7725102416966827,0.5817660807146474
218,19,2012-08-26,0.9328070842417792,0.8699596813858222,0.8703937380770712,0.7451098516273015,0.7091342569112333
219,19,2012-09-02,0.929260376543225,0.9870251817308565,0.9894840151511108,0.7642889974772936,0.425399702097898
220,19,2012-09-09,0.8455297342139843,0.9162564474926095,0.9222508379738461,0.7508643843749306,0.4831682613728756
221,19,2012-09-16,0.6136309799334719,0.5452723294828765,0.5519408470365315,0.7602610612842003,0.3627418410776194
222,19,2012-09-23,0.5547831106382878,0.42371762059633705,0.4311418901443738,0.7536837740086617,0.29437768836963046
223,19,2012-09-30,0.5542818389482004,0.5021430985158762,0.5169144817165288,0.7582876045247761,0.3033251154538965
224,19,2012-10-07,0.6821670752330282,0.6838792858353218,0.6842180118829995,0.7550651125560989,0.20865694882057792
225,19,2012-10-14,0.5808990776995403,0.48255112160891256,0.5004198440819655,0.757320724367142,0.24981227853675325
226,19,2012-10-21,0.5227371987214123,0.5363525255548274,0.5423718481577415,0.7557418888908799,0.23725429586141034
227,19,2012-10-28,0.524600178708859,0.5952773636267236,0.6076611881781945,0.7568470087740531,0.3528008462508512
228,20,2012-08-12,2.0326662170711685,1.8843371377536424,1.9960018410826097,1.8208852889994886,1.85873109043875
229,20,2012-08-19,1.8507281465701586,1.731670219027498,1.8497493099956135,1.7754240386119102,1.8614928566015223
230,20,2012-08-26,1.7778683146705188,1.6620307009383797,1.7699292141387373,1.7754240386119102,1.8444583966668728
231,20,2012-09-02,1.8826830749329364,2.0031586784170043,2.120108190747082,1.7754240386119102,1.9279921801180142
232,20,2012-09-09,1.9157884316382148,1.816819994005564,1.9372164017197782,1.7754240386119102,1.9419972103626375
233,20,2012-09-16,1.8560271314841876,1.6917037420458592,1.8090832839126783,1.7754240386119102,1.880514801647494
234,20,2012-09-23,1.8205091697448021,1.4412466380844022,1.578747037990885,1.7754240386119102,1.8085262236760309
235,20,2012-09-30,1.783388136481279,1.6537298345066163,1.7623151793569567,1.7754240386119102,1.9914614594386206
236,20,2012-10-07,2.2200749122272745,1.9241264644530192,2.05148141204298,1.7754240386119102,2.00574822594498
237,20,2012-10-14,2.0669794354874718,1.7131937349711075,1.8339706545123442,1.7754240386119102,2.0674942987631235
238,20,2012-10-21,1.7669027052474546,1.6995117410794456,1.866848324631748,1.7754240386119102,1.8724477384031928
239,20,2012-10-28,1.8261283397267303,1.6736151564245763,1.8278341439753947,1.7754240386119102,1.877308100591211
240,21,2012-08-12,-0.6160803582343574,-0.5258404359737051,-0.5621062082162837,-0.5427816187442855,-0.6271717502197468
241,21,2012-08-19,-0.5212597194900487,-0.3967548071254356,-0.4382037232107074,-0.48390492284268943,-0.5864835566683247
242,21,2012-08-26,-0.42946942008787187,-0.3979842527132326,-0.46223290835042036,-0.5060024821130258,-0.6389321763794706
243,21,2012-09-02,-0.49942407006264017,-0.6165712300323296,-0.6846371335115914,-0.5033703625744181,-0.609377749303152
244,21,2012-09-09,-0.7214538418988448,-0.7084432138683425,-0.7800909726432284,-0.4999467736969274,-0.599437972665462
245,21,2012-09-16,-0.7477448972713604,-0.6884427206733104,-0.7699563196473254,-0.5032665372232837,-0.6572638915682607
246,21,2012-09-23,-0.6768349016351058,-0.6865584972261495,-0.7544161057460558,-0.5015279419978069,-0.6570548232841918
247,21,2012-09-30,-0.7136205247601856,-0.6900424107838512,-0.7757317674488802,-0.5020602081971596,-0.6592719695963857
248,21,2012-10-07,-0.7050518183707633,-0.6764600840049725,-0.7609598591963791,-0.5020761918153442,-0.6550218904201204
249,21,2012-10-14,-0.7027138895561588,-0.6523023549116531,-0.7408032411982461,-0.5019318714118536,-0.6300767817282589
250,21,2012-10-21,-0.7241304276440453,-0.5976840859641696,-0.6709950873120464,-0.5020403664603262,-0.5786002046282535
251,21,2012-10-28,-0.6620658311250381,-0.5624893982029501,-0.6415669012600249,-0.5019915813454479,-0.598922687123394
252,22,2012-08-12,-0.11431196397808491,-0.07988647360270368,-0.08011167372850424,-0.06886962180777233,-0.10377408787033553
253,22,2012-08-19,-0.10062688180387644,-0.06410414338930508,-0.07536915352706555,0.025620560119838282,-0.11034790737950036
254,22,2012-08-26,0.04544847999893379,0.15015229866994786,0.17519231875956692,-0.03505439969653238,-0.02560155345154055
255,22,2012-09-02,-0.025423104435248117,-0.0375420591580454,-0.07790423497903606,0.010960646020257467,-0.013793549863537808
256,22,2012-09-09,-0.0724595107495935,-0.15270547958600908,-0.1317138464050197,-0.023948636150323117,-0.06314857153191573
257,22,2012-09-16,-0.21660152705819893,-0.20100726026884028,-0.19858897991556204,0.002535283899979316,-0.12267009168306638
258,22,2012-09-23,-0.21006529421264783,-0.24903581808727396,-0.2472876441994181,-0.01755673686105457,-0.13018079361244625
259,22,2012-09-30,-0.10942027721631185,-0.203735703923852,-0.19529742191073718,-0.0023139292443554093,-0.1358782296287028
260,22,2012-10-07,-0.048138726253218175,-0.05651373175017628,-0.05847478759830822,-0.013877882258494501,-0.1336008386295368
261,22,2012-10-14,-0.05886510029068874,-0.1529960807613297,-0.1591309398994563,-0.005104891568333523,-0.11751284777337757
262,22,2012-10-21,-0.1065799027302767,-0.1279201491626466,-0.11893024278189859,-0.011760519237829125,-0.11117743104022565
263,22,2012-10-28,0.10692830540481858,0.035265416974477715,0.04850125129286034,-0.006711228609419416,-0.0509275840532643
264,23,2012-08-12,0.7340711016916112,0.6377982660637953,0.6628979144523239,0.5966652687977887,0.6667755284474828
265,23,2012-08-19,0.8694819435989705,0.8041059810334666,0.815183447241449,0.6268038967221989,0.6594690932184786
266,23,2012-08-26,1.2218405388554956,1.0754433342932388,1.1165527035301273,0.6427922495893477,0.7459535931117978
267,23,2012-09-02,0.9930018953502405,0.7465427161867988,0.7932833222787803,0.643581536522509,0.41189148901790223
268,23,2012-09-09,0.7172877543484919,0.5195381344516157,0.6343607720612657,0.6344963739503525,0.43617742424497385
269,23,2012-09-16,0.4455833099375212,0.30048707705626737,0.3741968478134103,0.6227751652744116,0.37841203435275367
270,23,2012-09-23,0.5548844765898896,0.20694533314769092,0.3518935187443544,0.6140104419178024,0.38739374224254486
271,23,2012-09-30,0.5189450738917541,0.25533366112159356,0.367834197790814,0.6105570801469725,0.40767306404734105
272,23,2012-10-07,0.7859919491016273,0.37119031354916127,0.5859852340510178,0.6118055151679421,0.2743733410609028
273,23,2012-10-14,0.691172154156409,0.23488616914204236,0.3422469480172493,0.615520886572172,0.30146792080982177
274,23,2012-10-21,0.5998777151240656,0.31310235858098573,0.5357276330881229,0.6193256164424609,0.33113214705934746
275,23,2012-10-28,0.5710763207706216,0.24947835610232044,0.47293813585501454,0.6216884826660246,0.46602349415122
276,24,2012-08-12,0.8454948632993995,0.6701872447859252,0.6634890519089043,0.5361830174756909,0.6419888788045922
277,24,2012-08-19,0.6637400439486798,0.6126478219006323,0.6092793037115711,0.598083926821138,0.6599815595544107
278,24,2012-08-26,0.4908639537792794,0.6425682235475847,0.6327953948470356,0.5996993882484787,0.5348330669371978
279,24,2012-09-02,0.5657646605267774,0.44745398952246895,0.4592044122033009,0.5755083542270787,0.42211969489502693
280,24,2012-09-09,0.8089545839315896,0.8720831730515057,0.8627126293948068,0.5970354830783071,0.4650282758643228
281,24,2012-09-16,0.3793045239525177,0.4055080047844239,0.4036750914830345,0.5862280542647154,0.30998833144113086
282,24,2012-09-23,0.41277939128556773,0.32327622074923124,0.3133296725717948,0.5882110477965222,0.30336602852027234
283,24,2012-09-30,0.4093306193118785,0.3790215843211442,0.3686637915158976,0.5903635005671862,0.34291559499321145
284,24,2012-10-07,0.6981340286127036,0.6576207067548628,0.6501679646139829,0.5876676928164177,0.3318881893934562
285,24,2012-10-14,0.697364758994114,0.5389886746749567,0.5280491040088638,0.5893428778131676,0.3528876759287746
286,24,2012-10-21,0.40224358743832384,0.42995285654115906,0.42247708011546636,0.5888003127276762,0.3612946267663009
287,24,2012-10-28,0.49720299444609006,0.4683573225700078,0.45385460321636617,0.5886817344613284,0.3689464197912868
288,25,2012-08-12,-0.5973242453047437,-0.6471978601916888,-0.6460978287012913,-0.600669086049991,-0.6230297407954217
289,25,2012-08-19,-0.5643596746433567,-0.6061369915794659,-0.5905801661232122,-0.6017279311086867,-0.5847459516515561
290,25,2012-08-26,-0.5128880768751575,-0.5753216087331219,-0.5679035799804161,-0.6023094277391489,-0.6029013337419904
291,25,2012-09-02,-0.5893782993309713,-0.6252701472495398,-0.6157156261549573,-0.6026287741142032,-0.5975383868391266
292,25,2012-09-09,-0.668889542652005,-0.6768604134909227,-0.6672034317262785,-0.6028041527869555,-0.6523169746707626
293,25,2012-09-16,-0.6950129571574035,-0.746962294335403,-0.7323928764270189,-0.6029004672632076,-0.6538282900143308
294,25,2012-09-23,-0.6812488146771141,-0.7703725488996284,-0.7587328561467551,-0.6029533612564745,-0.6659641781534986
295,25,2012-09-30,-0.6472113534722529,-0.7151092356284656,-0.695120512800015,-0.6029824095847485,-0.6398732554161184
296,25,2012-10-07,-0.6174291160500247,-0.6669553601141914,-0.6508364896985085,-0.6029983623484444,-0.6411730451859188
297,25,2012-10-14,-0.6215001164790679,-0.7345815874066988,-0.7265192651771366,-0.6030071232887345,-0.5930038494153199
298,25,2012-10-21,-0.6431189095402378,-0.653115708441024,-0.6443641807793357,-0.6030119346227597,-0.6057163955393549
299,25,2012-10-28,-0.6368654594507297,-0.6052013142333982,-0.6013840077753311,-0.6030145769116393,-0.5877207701141451
300,26,2012-08-12,0.1565543678145926,0.10223503434681487,0.0647551906559387,-0.03212642937166453,0.05670880441435261
301,26,2012-08-19,0.058996609912074886,-0.0006650364112721248,0.00013016578820164784,-0.03827548666098986,0.05137126503583994
302,26,2012-08-26,-0.024628209005151745,0.03397049576835109,0.01173874034272486,-0.0838576587498995,0.05033180085959452
303,26,2012-09-02,0.03185370267085916,0.037867954797950985,0.0445027995400529,-0.05171856565950084,0.04972982981918679
304,26,2012-09-09,0.08390972302646946,0.07647911982626873,0.07581653442633181,-0.07437920812863465,0.06696871145643522
305,26,2012-09-16,-0.09171438231548194,-0.1415325712151947,-0.14152873756055187,-0.05840163478300354,-0.026770212623693713
306,26,2012-09-23,-0.1376608203265014,-0.20948439905498917,-0.21752233994402198,-0.06966710752336136,-0.04730037205157699
307,26,2012-09-30,-0.1309796007850652,-0.13375098756465065,-0.1347732016510934,-0.06172404424845876,-0.04785446739907074
308,26,2012-10-07,0.108912278844449,0.1239196780771717,0.09304743914111205,-0.06732454194999618,-0.03736198529773651
309,26,2012-10-14,0.015609066016600094,-0.09109966122031236,-0.0952310055812402,-0.06337574116377677,-0.05058935947798499
310,26,2012-10-21,-0.11107392165549962,-0.1206171052653248,-0.12688282672339038,-0.066159962938382,-0.06857860724954777
311,26,2012-10-28,-0.1421811621146538,-0.13723741538448592,-0.1490844524229073,-0.06419686292147596,0.010394857230316858
312,27,2012-08-12,1.2554389677249176,1.2461000301712974,1.2740103379814869,1.2049479677520778,1.219659262259201
313,27,2012-08-19,1.2825915603122147,1.322711608327541,1.3647253713747216,1.2673308413106028,1.2486238728541403
314,27,2012-08-26,1.3653274735745964,1.578990463194868,1.5383026306911214,1.2957777073021555,1.4713707264357967
315,27,2012-09-02,1.2763471535477406,0.9846264578988267,1.0960368510209404,1.3094545495234888,1.3695213865484481
316,27,2012-09-09,1.4763271711090709,1.461828007166902,1.4703164949788234,1.31603017768593,1.3965691673654672
317,27,2012-09-16,0.8868587935414523,0.9252608009002956,0.9399665655021219,1.3191916447139875,1.2049283701727178
318,27,2012-09-23,0.956346107224335,0.8951574943140073,0.9055090532322032,1.3207116323900827,1.2283721027405574
319,27,2012-09-30,0.9255325455355651,0.852894911962051,0.8531576798471452,1.3214424205067947,1.214006548695344
320,27,2012-10-07,1.0193212730226604,1.045998574419823,1.0731276680655004,1.3217937728762426,1.2296618349755037
321,27,2012-10-14,1.1445418101233877,1.0719785577408683,1.1043294522304998,1.3219626980197876,1.2153124189547637
322,27,2012-10-21,1.071705347789861,1.0580913939766834,1.0818160918993367,1.3220439147884877,1.2329723521191385
323,27,2012-10-28,1.2233571393163234,1.0797569554331652,1.0990299870854927,1.32208296263761,1.2381461403609066
324,28,2012-08-12,0.42737150245160654,0.3695550849873276,0.3350917254796115,0.5244685925109422,0.41466477542290775
325,28,2012-08-19,0.27160802470517553,0.291147693990264,0.29697236910082825,0.5499187858225592,0.380046820982878
326,28,2012-08-26,0.29932715500785867,0.25067193918357267,0.26223034449492877,0.5474814899888513,0.48535183585421515
327,28,2012-09-02,0.35033877221102566,0.7789693922229327,0.8438954498941214,0.5380170795539563,0.5408083626921083
328,28,2012-09-09,0.7953056567140598,0.517286303464874,0.4438846862760254,0.5495762422651427,0.5240082958368812
329,28,2012-09-16,0.1623954019269267,0.2194756192441255,0.2263804913132133,0.5413940883090386,0.37770678450489287
330,28,2012-09-23,0.18198515167096224,0.1386758191984167,0.13637475156176349,0.5448673359319713,0.3696601201036032
331,28,2012-09-30,0.17128801710632105,0.1426013915120942,0.23074349399657695,0.5449555929073271,0.36626224975974
332,28,2012-10-07,0.7829183925712991,0.9823837788915681,0.7517930679028715,0.5432016374536596,0.40400062404753784
333,28,2012-10-14,0.3107498467295137,0.34300517390849883,0.281405709000519,0.5450862019452413,0.49243262453167314
334,28,2012-10-21,0.19736483922716114,0.317062394741021,0.23071722481430346,0.5438528341387129,0.5165908109611044
335,28,2012-10-28,0.32601875813990694,0.3784754984174101,0.3688644475488069,0.5443085704037329,0.540305712491115
336,29,2012-08-12,-0.9492775235025294,-1.0079238034164542,-1.0140668430329942,-0.9461554865929671,-0.986699498995695
337,29,2012-08-19,-1.1359162703320818,-0.9440166474433364,-0.9561759156750342,-0.9126699876309937,-0.9879912959703284
338,29,2012-08-26,-0.772450747648305,-0.8633124545919291,-0.8421469333340231,-0.8906360969235194,-0.9830883166086406
339,29,2012-09-02,-0.8993530680535397,-0.8852818573010091,-0.9133737215350077,-0.9190926391833023,-0.9578783863415488
340,29,2012-09-09,-0.908585440771039,-0.9913489577440742,-0.9864629617563084,-0.9028972696082701,-0.9803011981353287
341,29,2012-09-16,-1.029073842511917,-1.0439772520421986,-1.0404104143707922,-0.9071025631504408,-1.0172748552840647
342,29,2012-09-23,-1.0034809575128933,-1.0410774470609665,-1.0375238330644683,-0.9087836323692506,-1.0182381181656686
343,29,2012-09-30,-1.0023895217328884,-1.0460469715948728,-1.0556921273656923,-0.9060928163230962,-1.0229538372307787
344,29,2012-10-07,-0.9456007973702161,-0.9369632249005949,-0.9421136869775668,-0.9077509510690939,-1.01272489302945
345,29,2012-10-14,-0.958250079474012,-1.0187665038340876,-1.0212354369460286,-0.9072502870419518,-0.9919752713636146
346,29,2012-10-21,-0.9524310941987799,-0.9739588740425296,-0.9740044435105842,-0.9071351711653793,-0.9897998012056697
347,29,2012-10-28,-0.9193001667123698,-0.9406707534890031,-0.9447551178561973,-0.9073864074913573,-0.9856232383920265
348,30,2012-08-12,-1.1102416285385794,-1.1228943683839756,-1.1273046431260194,-1.1198793525685213,-1.1314581992658908
349,30,2012-08-19,-1.1240489882070657,-1.1188343549010953,-1.1221330453218612,-1.1205561639114212,-1.1376932261028672
350,30,2012-08-26,-1.1204802683583264,-1.1400076528315344,-1.14906109887645,-1.1205561639114212,-1.1433359703639052
351,30,2012-09-02,-1.0951005343469273,-1.1308469599596678,-1.1490860102843308,-1.1205561639114212,-1.1475552910455447
352,30,2012-09-09,-1.105311842413528,-1.1376455938315009,-1.1534645835405803,-1.1205561639114212,-1.1528569946435565
353,30,2012-09-16,-1.0975937588810871,-1.1216678563891442,-1.1357194457242212,-1.1205561639114212,-1.1469557549158165
354,30,2012-09-23,-1.086370625644317,-1.1320514812796385,-1.1396841908180295,-1.1205561639114212,-1.1415276210479604
355,30,2012-09-30,-1.120272271882537,-1.1386498961674734,-1.146410145510636,-1.1205561639114212,-1.152001732725923
356,30,2012-10-07,-1.0811247450426091,-1.0991398982006881,-1.1028126404123337,-1.1205561639114212,-1.128394163907691
357,30,2012-10-14,-1.1034270703973978,-1.1132068949240144,-1.1161099502403118,-1.1205561639114212,-1.1214551125658816
358,30,2012-10-21,-1.0980267011883087,-1.0946092702063899,-1.0937271753360471,-1.1205561639114212,-1.1226456760286831
359,30,2012-10-28,-1.094564905359093,-1.1216555617410777,-1.115478370867097,-1.1205561639114212,-1.126649718982121
360,31,2012-08-12,0.6426488270970686,0.7510898703953962,0.6898229045491776,0.5842639961183841,0.6351438661198916
361,31,2012-08-19,0.6861395346030765,0.7835885019093317,0.7743913301356422,0.6984901005606241,0.6544481512942533
362,31,2012-08-26,0.6303781906633709,0.6978545076707056,0.6633151355600796,0.6618644933891863,0.6565585931581217
363,31,2012-09-02,0.6191304955356862,0.609065185841986,0.6110779780580315,0.6559998966033243,0.6594820020605195
364,31,2012-09-09,0.5906249995111039,0.620814611564115,0.6075497473905694,0.6751202327928372,0.6733074935039819
365,31,2012-09-16,0.5348495494518211,0.575573856070658,0.5817263571149683,0.6585420971271714,0.6460776072690909
366,31,2012-09-23,0.618054431573894,0.5558874782216288,0.5078306675695937,0.6677892221928153,0.6531375827248109
367,31,2012-09-30,0.44565473936487177,0.43568476061015815,0.4351848196396809,0.6647911358052235,0.6367089672352639
368,31,2012-10-07,0.6002616070232917,0.6981656227434575,0.6435181702274471,0.66434875406894,0.6536071508652906
369,31,2012-10-14,0.6695051728297925,0.6017128118428974,0.5663129494454479,0.6658770078693419,0.6513724797631617
370,31,2012-10-21,0.628447064727643,0.6603114675813693,0.5906700830720532,0.6645423171180577,0.65338641999375
371,31,2012-10-28,0.55782860167713,0.549189812814113,0.5286000989641881,0.6652908520115752,0.6192763153914561
372,32,2012-08-12,0.3509816187137193,0.3356070151738278,0.32511381781173804,0.22355180031790378,0.2543091111650732
373,32,2012-08-19,0.4130506910365978,0.37651276412212165,0.3666875749914096,0.2568225937483891,0.24690498564667862
374,32,2012-08-26,0.4341506944048246,0.29825449715415714,0.28591149168130264,0.2169188780052518,0.23880013506132847
375,32,2012-09-02,0.2712060461558811,0.23005234818163664,0.21501581501521758,0.2467256909167514,0.2428830369096729
376,32,2012-09-09,0.16611028245289391,0.15281209616687416,0.13037561499714947,0.22446094490512378,0.23998767277065308
377,32,2012-09-16,0.22057479890791026,0.17946759856865777,0.15649821056384908,0.24109200561041097,0.23338653985180058
378,32,2012-09-23,0.22560481369013766,0.16880609710519484,0.15283110762513702,0.22866912955161833,0.2391821867447992
379,32,2012-09-30,0.22192062177021954,0.13450852428930224,0.12105251345609636,0.23794862484701226,0.24477129198170078
380,32,2012-10-07,0.30568435569857183,0.21763475969376433,0.19790260443992014,0.2310171355099443,0.24742595252470964
381,32,2012-10-14,0.2578190635255527,0.2537014503742899,0.23099093516901859,0.23619473869852883,0.25202890829715596
382,32,2012-10-21,0.2992949989251301,0.23168536356289776,0.21285501269000434,0.2323272329613303,0.25028009047451716
383,32,2012-10-28,0.3372425333977238,0.2778291720418694,0.2550290387316666,0.2352161373602309,0.24764974235138762
384,33,2012-08-12,-1.3544385344405203,-1.3960590202701486,-1.3892416343338927,-1.4040247624122337,-1.4346602934660433
385,33,2012-08-19,-1.405168707960114,-1.4680284492836724,-1.4502019885443327,-1.423954527168602,-1.4279422294373243
386,33,2012-08-26,-1.4463042804874564,-1.477305761772962,-1.4611106112870385,-1.4247188452320405,-1.421251433143081
387,33,2012-09-02,-1.4656433301843437,-1.4634404884475525,-1.4466428529419233,-1.4247188452320405,-1.4379815822553714
388,33,2012-09-09,-1.3752119692172944,-1.3916228641312423,-1.3747297564785792,-1.4247188452320405,-1.4122393512375513
389,33,2012-09-16,-1.3917417182468244,-1.4335973460948437,-1.4166003938332343,-1.4247188452320405,-1.4333983757840705
390,33,2012-09-23,-1.437064643760396,-1.4724302009879944,-1.4547514760127367,-1.4247188452320405,-1.4260644426101852
391,33,2012-09-30,-1.455217458683815,-1.4840415432486922,-1.4661886902936276,-1.4247188452320405,-1.4359979360630404
392,33,2012-10-07,-1.4137036623859194,-1.4158906792280168,-1.3974646646098787,-1.4247188452320405,-1.4205240478769932
393,33,2012-10-14,-1.3653938715268314,-1.4192132484819082,-1.4012666805191971,-1.4247188452320405,-1.4077908191366444
394,33,2012-10-21,-1.433941193022982,-1.4716607301796039,-1.4527990443988852,-1.4247188452320405,-1.3220659253445484
395,33,2012-10-28,-1.4351907677586075,-1.4920889220477092,-1.47355162469398,-1.4247188452320405,-1.320341307679823
396,34,2012-08-12,-0.05797773548635693,-0.05756792472592341,-0.07945721531752736,-0.11695576620263097,-0.14150381835362483
397,34,2012-08-19,-0.04092332685716817,-0.05894845591368636,-0.04564340467035247,-0.13312639790272723,-0.1515198795652576
398,34,2012-08-26,-0.20155818515682664,-0.2258366075088436,-0.2474316231559507,-0.12248299661863825,-0.1613894269880862
399,34,2012-09-02,-0.18828210707651344,-0.10855100314678598,-0.09815249485223912,-0.12661651261536327,-0.16345031234793947
400,34,2012-09-09,-0.10953758363333921,-0.10770934230060808,-0.12504818449453103,-0.12661641718491232,-0.13790995219138355
401,34,2012-09-16,-0.1484327962017718,-0.16459958802881405,-0.17210716320471486,-0.12509583101756314,-0.16092810349845832
402,34,2012-09-23,-0.17074563235827364,-0.18892747164444118,-0.21204374494753309,-0.12653632102526974,-0.15803773520035752
403,34,2012-09-30,-0.19719409294807025,-0.23814828419732173,-0.2432943463556721,-0.12573114888548403,-0.1558774268280254
404,34,2012-10-07,-0.1233298099485731,-0.08756266384593811,-0.10850336332446983,-0.12596394942022313,-0.5774248038682364
405,34,2012-10-14,-0.16053637875902368,-0.17659005278979156,-0.18787837622561948,-0.1260396311848783,-0.5807892173947298
406,34,2012-10-21,-0.13319932435317652,-0.08639131220851176,-0.10694865194685566,-0.12588229282833638,-0.5210527440111583
407,34,2012-10-28,-0.1451747961963519,-0.09760404435473558,-0.11327150919843265,-0.12600349731219923,-0.5179351475885207
408,35,2012-08-12,-0.271045792335045,-0.43021246992829965,-0.3804636188018584,-0.29813686113318605,-0.36766179487760053
409,35,2012-08-19,-0.2717599582043382,-0.5051251699678989,-0.42503928884364633,-0.28345396311049015,-0.38328910077992207
410,35,2012-08-26,-0.2583779466512598,-0.6212702352572151,-0.4538159802053977,-0.27078943147890755,-0.31269234702909393
411,35,2012-09-02,-0.19233370012647694,-0.6203423100156249,-0.4947622494628627,-0.25986581400234154,-0.32423054879288693
412,35,2012-09-09,-0.09409644549120746,-0.5478486366638651,-0.37561761063320276,-0.2504437980726908,-0.32880780519655806
413,35,2012-09-16,-0.393580388526743,-0.8123003572999054,-0.6562374110382377,-0.24231696789312465,-0.4062942959188328
414,35,2012-09-23,-0.4839507208074043,-0.9258738028226945,-0.7465395194511586,-0.2353072823586665,-0.411276210484214
415,35,2012-09-30,-0.40728071411495465,-0.8857376859320212,-0.6871375202686565,-0.22926117456432163,-0.4108430091673585
416,35,2012-10-07,-0.31195977588385854,-0.7254035096630442,-0.5464251538623675,-0.2240461874894894,-0.43397011217985804
417,35,2012-10-14,-0.2980577456261186,-0.8357612898038005,-0.6263147703510875,-0.21954807215385075,-0.42610054873409686
418,35,2012-10-21,-0.3794265209274284,-0.7764642592970963,-0.5568690562170502,-0.21566828467166244,-0.4252571326550859
419,35,2012-10-28,-0.3136598476164782,-0.7364927966416056,-0.5243111345690239,-0.21232182737038302,-0.4160198231626039
420,36,2012-08-12,-1.3522482888101983,-1.3329665643455633,-1.3273045521457751,-1.3328702482018575,-1.357404083403231
421,36,2012-08-19,-1.3235229647791018,-1.3595523918604362,-1.3603624762845978,-1.3402021651592297,-1.3539208514084278
422,36,2012-08-26,-1.382335156047528,-1.4092995926418304,-1.4070781870971005,-1.3494160221875724,-1.3489259250942025
423,36,2012-09-02,-1.382148181175165,-1.3863550313474724,-1.3814614901069042,-1.3461809710182784,-1.3545732981435552
424,36,2012-09-09,-1.3618216297340628,-1.3816102715404524,-1.3729141112984136,-1.3374813162836154,-1.3577522303220755
425,36,2012-09-16,-1.346844085818285,-1.3748531033684452,-1.360297944399238,-1.3374589829446961,-1.3517899996954723
426,36,2012-09-23,-1.3616824395710596,-1.424955683152616,-1.4086672120197756,-1.3447106013768193,-1.349781454826329
427,36,2012-09-30,-1.4041043838117535,-1.4300419850652895,-1.4099092293959783,-1.3469977617492517,-1.3496615612479166
428,36,2012-10-07,-1.3922547297503438,-1.3802605044024558,-1.357856324590534,-1.3416628270675177,-1.349849879595179
429,36,2012-10-14,-1.3498831933335735,-1.3771020300455752,-1.3502889950638666,-1.338085592624092,-1.350971985270906
430,36,2012-10-21,-1.3735036979587312,-1.4138067520249527,-1.3855659434961403,-1.3414177572921182,-1.3499507157876998
431,36,2012-10-28,-1.4007815947109559,-1.462675542599844,-1.4327114951905695,-1.3454448448913894,-1.349443419188672
432,37,2012-08-12,-0.9816790967360187,-0.9695608419659051,-0.9721639798104895,-0.9603147202094993,-0.9522427384308615
433,37,2012-08-19,-0.9657769324517208,-0.9660930453415879,-0.9728795589107871,-0.9554091117645284,-0.9541010575289418
434,37,2012-08-26,-0.9418729663625566,-0.9251993437046026,-0.9307292639887882,-0.9547620090107363,-0.954603659853508
435,37,2012-09-02,-0.9131121477392867,-0.9231058947079374,-0.9303801394588501,-0.9541952859678126,-0.9535001272963689
436,37,2012-09-09,-0.9342180577011464,-0.954022106920485,-0.9529185870813874,-0.9536989582895596,-0.9561699569623735
437,37,2012-09-16,-0.9565721299523283,-0.9500526857028564,-0.9549648196214013,-0.9532642818329096,-0.9576307316753793
438,37,2012-09-23,-0.9443384372440247,-0.9498648734236721,-0.9586936543699662,-0.952883598606395,-0.9450550468288579
439,37,2012-09-30,-0.9321727620797925,-0.9303057448729849,-0.9265127357428178,-0.9525502018540926,-0.9616470364970775
440,37,2012-10-07,-0.8988441104543461,-0.9251420202795605,-0.9257989626566883,-0.952258217898131,-0.9326638918551167
441,37,2012-10-14,-0.9434400296776834,-0.951125008694139,-0.9578875627376099,-0.952002502658105,-0.9415045778041402
442,37,2012-10-21,-0.8881191855500961,-0.9330752707758156,-0.939233253691003,-0.9517785510243031,-0.932774212532848
443,37,2012-10-28,-0.9197261935357416,-0.9377970622051919,-0.9407867836455388,-0.9515824174881186,-0.9324059415560008
444,38,2012-08-12,-1.0995806856175339,-1.081686348673683,-1.1118226255208372,-1.0872324739918802,-1.1309999110683393
445,38,2012-08-19,-1.1451158816327225,-1.1219193045748885,-1.1483758758876073,-1.110564696433473,-1.1367555299668346
446,38,2012-08-26,-1.171600607239949,-1.132734573596344,-1.152770075525247,-1.084278304777695,-1.1034638778308952
447,38,2012-09-02,-1.121198781627281,-1.0432594208746773,-1.0578172524251732,-1.0671885575850697,-1.0883323433326337
448,38,2012-09-09,-1.001287831959589,-1.0737738880430208,-1.1147046222779327,-1.081276679983768,-1.0922389196034406
449,38,2012-09-16,-1.1101203599345189,-1.0525453507076368,-1.1069219411173088,-1.0932228247392535,-1.0949777668988743
450,38,2012-09-23,-1.1492715554661441,-1.0786871264580402,-1.1262719044593394,-1.0859805629865114,-1.0980285492917519
451,38,2012-09-30,-1.16969314436567,-1.128933880755043,-1.1264264796428152,-1.077918102987477,-1.097271210992301
452,38,2012-10-07,-1.0596123440406668,-0.9799404570326649,-1.0606324452323137,-1.0814286279363021,-1.0346223261599983
453,38,2012-10-14,-1.0984240755295227,-1.0683035495047577,-1.119908949881201,-1.0867176620541061,-1.039917567541019
454,38,2012-10-21,-1.1140420629549324,-1.0642420592657515,-1.118431028447605,-1.0851687423307863,-1.0224640760608923
455,38,2012-10-28,-1.1351665364967816,-1.107862913991043,-1.1404258665018976,-1.0817824885603384,-1.021835612113695
456,39,2012-08-12,1.1111321904721774,1.0586420112736106,1.0301068387077468,0.8875358770067496,0.9965071042757888
457,39,2012-08-19,1.2548605067615146,1.2564756259042458,1.2236473474920695,0.8538517020081374,0.987031569021668
458,39,2012-08-26,1.2630193836014099,1.1554650456790494,1.1192639970705764,0.8275494061882802,1.009795211629309
459,39,2012-09-02,1.2378048140902318,0.9865970735601977,0.9491369822809933,0.8070112524284275,0.9773734547215764
460,39,2012-09-09,1.0523300881059194,0.8949460934455981,0.852286820986206,0.7909740303261312,0.9739587287571436
461,39,2012-09-16,0.754803465464832,0.8159383198378716,0.7716414801739726,0.77845136174717,0.8826831262554516
462,39,2012-09-23,0.9530199979575513,0.7364722199939664,0.6875831384092408,0.7686730330978432,0.9028313934045188
463,39,2012-09-30,0.8428392074403331,0.7269483569519029,0.6774366419494187,0.7610376229157925,0.889917653109405
464,39,2012-10-07,0.9873885952750282,0.9128861532948598,0.8560885931085718,0.7550755111133652,0.9041674302151592
465,39,2012-10-14,0.8406563358803232,0.8135143297941796,0.7539787593106583,0.7504199947367592,0.8768194653036383
466,39,2012-10-21,0.9930340881198861,0.9108190988321143,0.8444086502535819,0.7467847336998857,0.9125954000880282
467,39,2012-10-28,0.9783880655293523,0.9463588974775248,0.8780921140549681,0.7439461392804533,0.9231835827638105
468,40,2012-08-12,-0.051772436975378304,-0.12961853198134707,-0.1418882554157776,-0.11169509930036417,-0.03733849026236741
469,40,2012-08-19,-0.12242951300600774,-0.1474684531986128,-0.14575193787812674,-0.09439371712980563,-0.06128052709901502
470,40,2012-08-26,-0.1665804015829803,-0.11669896175352522,-0.1311126683547345,-0.1605050988742689,-0.06265369859045258
471,40,2012-09-02,-0.08963656374222952,-0.10915727870475218,-0.09305944120177392,-0.11124433670774138,-0.054188321086124855
472,40,2012-09-09,0.09560252217435262,-0.026225611197594176,-0.04298817060818865,-0.14794940359934985,-0.03240747714337754
473,40,2012-09-16,-0.24657374767998202,-0.2581164995339124,-0.2661669617777208,-0.1205998077696509,-0.05150997125052157
474,40,2012-09-23,-0.2501349833976581,-0.28299539431780807,-0.2891832138085746,-0.14097847631306376,-0.056277677511331135
475,40,2012-09-30,-0.21376533488069896,-0.21220234496895085,-0.21332444898419317,-0.12579396922973346,-0.04951232092824299
476,40,2012-10-07,0.060499746274372795,0.04078606644068477,0.005349477094408167,-0.13710821455800526,-0.05022583872314767
477,40,2012-10-14,-0.09833394949294152,-0.16824133415710094,-0.16752702729024183,-0.1286777698523715,-0.04392480386797721
478,40,2012-10-21,-0.21637916765441376,-0.17773892122415774,-0.1954912986347937,-0.13495944360723997,-0.027861647119656652
479,40,2012-10-28,-0.21070366491147063,-0.18248743435866033,-0.20295033118556507,-0.13027885716839718,-0.03684649375862967
480,41,2012-08-12,0.8592361865173304,0.7552858689854546,0.7189858083861584,0.5343943094357034,0.6482899885010728
481,41,2012-08-19,0.9620404670426033,0.8652982264710245,0.8292851822670305,0.5436011249991652,0.6420678972875875
482,41,2012-08-26,0.7857099367708408,0.6769710202232171,0.5827449599706774,0.46224713478892887,0.6068587656484282
483,41,2012-09-02,0.5950382521886064,0.6279105070629175,0.5840894577689402,0.48258735585945556,0.599593569815926
484,41,2012-09-09,0.6530518243048633,0.6044217725681927,0.5313831339327876,0.4273708549309542,0.5281157390314669
485,41,2012-09-16,0.49621604300562966,0.4604380653230966,0.3944254175288209,0.4501122220559312,0.4933182676189918
486,41,2012-09-23,0.44112166721652896,0.42122554878780044,0.36867374037089695,0.4110428385299739,0.4890212556035784
487,41,2012-09-30,0.49857090283241834,0.4045380779958856,0.35211974912775756,0.43242860227680124,0.48616691202360107
488,41,2012-10-07,0.6677580134392357,0.5963890705394673,0.5045619793002906,0.4038405822400938,0.507891018548639
489,41,2012-10-14,0.6849715515708032,0.5434156770634531,0.4470079064458463,0.42249833908317813,0.46060672497307004
490,41,2012-10-21,0.5320829890427395,0.4990815628324926,0.4342005790584476,0.4010433722143845,0.4936505373573421
491,41,2012-10-28,0.5143730218941255,0.5882231188508409,0.4750087984186444,0.41669966110658363,0.46750935134249194
492,42,2012-08-12,-0.8429003408199823,-0.7618371578653856,-0.7650117951021308,-0.7637271321065143,-0.9030058855054954
493,42,2012-08-19,-0.8440422761412034,-0.8773169265661405,-0.9116141371353004,-0.8625938156047833,-0.8355311489508006
494,42,2012-08-26,-0.9182612849409315,-0.9258516748674642,-0.965780710105979,-0.9584024805475632,-0.8960542960429397
495,42,2012-09-02,-0.9747159565810886,-0.882993576389724,-0.8824761845755376,-0.8927852398808517,-0.8399017692295634
496,42,2012-09-09,-0.7680864720049639,-0.7488482747026427,-0.7591063162282096,-0.7952552317723764,-0.8800514263549803
497,42,2012-09-16,-0.8243416218471524,-0.7955787962996878,-0.837001163953373,-0.831534623986798,-0.8976051608001805
498,42,2012-09-23,-0.9336171993749307,-0.8847986073990363,-0.9233630179411116,-0.9242802708752637,-0.9011406052483535
499,42,2012-09-30,-0.9724819251153567,-0.9232319356393037,-0.9510651177030939,-0.9125371749351954,-0.9018126376609777
500,42,2012-10-07,-0.8125561882339073,-0.665134459045926,-0.7163507648875679,-0.8292156111475262,-0.8949248456464342
501,42,2012-10-14,-0.7773048853505542,-0.727819931531679,-0.7872369868572582,-0.8215996639359789,-0.846785246128932
502,42,2012-10-21,-0.9074937665260736,-0.8748656943012715,-0.8921325854232637,-0.8925636660135815,-0.815537257046542
503,42,2012-10-28,-0.95638073430647,-0.9105992758324545,-0.954826834970946,-0.9143995414648456,-0.8140690323213066
504,43,2012-08-12,-0.7201120362539442,-0.7397348745630665,-0.7499939652438443,-0.7667578536784189,-0.7880951397484689
505,43,2012-08-19,-0.726253297751343,-0.6971978401725372,-0.6877798541458766,-0.8158919774076298,-0.7691680274479238
506,43,2012-08-26,-0.8032521843110144,-0.8325367213865534,-0.8333995598701684,-0.8275830334036473,-0.7845415376610424
507,43,2012-09-02,-0.8125951497397347,-0.7700864284784855,-0.7716521251941617,-0.7993146217105558,-0.7875821414522399
508,43,2012-09-09,-0.6829566273492151,-0.6962638560563252,-0.6906370473833389,-0.7878592805221825,-0.7664651533254957
509,43,2012-09-16,-0.7537940012333181,-0.711919657157368,-0.7151270888062975,-0.8034027219003507,-0.7860273805444165
510,43,2012-09-23,-0.7963635185975434,-0.8222348348919681,-0.813165826689867,-0.8127758272448163,-0.7888440484950066
511,43,2012-09-30,-0.8407504691417915,-0.8338868013540607,-0.8346250568187229,-0.8046974772801592,-0.7785704423746906
512,43,2012-10-07,-0.7218434569571189,-0.7105841473380318,-0.7020657561159669,-0.7977347800505631,-0.7346125381705164
513,43,2012-10-14,-0.764483138050059,-0.7599956719439119,-0.7613025031081146,-0.8016148119993857,-0.7351533633098364
514,43,2012-10-21,-0.7561377632677218,-0.7801770086874374,-0.7746669693755566,-0.8064639470151351,-0.7296883691793228
515,43,2012-10-28,-0.8227532801201801,-0.8786837279587526,-0.8592422638754327,-0.804829579366234,-0.7343058463672459
516,44,2012-08-12,-1.288693157884874,-1.2900667780084405,-1.2904500743150056,-1.2829788433053482,-1.280444301061494
517,44,2012-08-19,-1.3000758241801094,-1.2927157395915798,-1.296685581141392,-1.283896143037012,-1.2791435543134642
518,44,2012-08-26,-1.280638673667231,-1.2467166133535945,-1.2593916318472338,-1.283896143037012,-1.2792699418430502
519,44,2012-09-02,-1.2778780748821579,-1.2630646294217045,-1.2712288820314384,-1.283896143037012,-1.2717246459853095
520,44,2012-09-09,-1.2792599976707708,-1.2874641941821632,-1.2961483392748954,-1.283896143037012,-1.2796161744385675
521,44,2012-09-16,-1.2627704391587868,-1.2798971633272986,-1.2933884492974597,-1.283896143037012,-1.279498379351806
522,44,2012-09-23,-1.284248923105986,-1.274494168668726,-1.289434689967631,-1.283896143037012,-1.2821946512966556
523,44,2012-09-30,-1.2488637680060495,-1.272517878203706,-1.280178712068857,-1.283896143037012,-1.2836455234770312
524,44,2012-10-07,-1.2817306597509908,-1.2692192594700573,-1.288330674500085,-1.283896143037012,-1.2831065431393314
525,44,2012-10-14,-1.2809864839836123,-1.2997961400500675,-1.3171761045467612,-1.283896143037012,-1.2955823540911637
526,44,2012-10-21,-1.3067211822602025,-1.2830361976720959,-1.304985472081278,-1.283896143037012,-1.2571903174472447
527,44,2012-10-28,-1.23829953179815,-1.2726807093951156,-1.2906056009875626,-1.283896143037012,-1.2568324440929723
528,45,2012-08-12,-0.5559774478529182,-0.5737822642092227,-0.5739389599788275,-0.5297590730536009,-0.564484065120617
529,45,2012-08-19,-0.5753121684936022,-0.6078301478834657,-0.5973467137652719,-0.4506050233069328,-0.5695073588596544
530,45,2012-08-26,-0.5831350482043822,-0.49463428939347553,-0.4737253622041788,-0.4481902234198204,-0.5240697386706752
531,45,2012-09-02,-0.5536651631932789,-0.49709956011981116,-0.5095679928276605,-0.4499777532174424,-0.5212141730494936
532,45,2012-09-09,-0.49457209688849235,-0.5595002951711631,-0.5545648804442417,-0.44865455339685295,-0.5283684700184526
533,45,2012-09-16,-0.6124735573657982,-0.5894508868786181,-0.5905519804639451,-0.4496340379165164,-0.5557169122267633
534,45,2012-09-23,-0.5742312435153107,-0.6308302753846986,-0.6235965803935342,-0.44890898497339177,-0.5643256394567405
535,45,2012-09-30,-0.5924137381545624,-0.6284813908528779,-0.6266593078596233,-0.449445697662342,-0.5654284738618499
536,45,2012-10-07,-0.5552111498746037,-0.5271119935495618,-0.5255586824185089,-0.4490484018328281,-0.5609691627778656
537,45,2012-10-14,-0.5533597629529209,-0.5845124033207303,-0.5833623252900385,-0.4493424958227762,-0.5440831782814715
538,45,2012-10-21,-0.583330827936819,-0.5307011932566199,-0.5224892174262443,-0.4491247958911424,-0.5404755255427002
539,45,2012-10-28,-0.5060023277715859,-0.5213440408894672,-0.5115088445213114,-0.44928594593790716,-0.5403530752530439
